Age,MaritalStatus,DistanceFromHome,Department,JobRole,BusinessTravel,JobSatisfaction,YearsAtCompany,YearsSinceLastPromotion,MonthlyIncome,Attrition
59,Divorced,8,Sales,Clerk,Travel_Rarely,4,9,7,74950,1
49,Married,23,Sales,Executive,Non-Travel,4,15,4,37455,0
35,Single,12,HR,Clerk,Non-Travel,2,4,6,106552,1
28,Single,12,IT,Manager,Travel_Rarely,3,14,0,64116,0
41,Single,15,R&D,Clerk,Travel_Frequently,2,12,9,138461,1
59,Single,19,R&D,Analyst,Travel_Rarely,4,12,4,58484,0
39,Divorced,26,HR,Clerk,Travel_Rarely,4,12,2,99638,0
43,Divorced,29,HR,Executive,Non-Travel,4,14,9,118647,1
31,Married,22,Finance,Manager,Non-Travel,3,13,1,83642,0
31,Married,21,HR,Executive,Travel_Rarely,1,7,1,64009,0
44,Divorced,38,HR,Analyst,Travel_Frequently,4,10,8,146824,1
56,Divorced,20,R&D,Executive,Travel_Rarely,4,17,3,47605,0
44,Single,29,Finance,Executive,Travel_Rarely,4,23,3,128879,0
23,Single,4,HR,Executive,Travel_Frequently,4,3,6,138827,1
42,Married,7,HR,Engineer,Travel_Rarely,3,9,9,23580,1
22,Divorced,28,Finance,Analyst,Travel_Rarely,1,0,9,132902,1
44,Married,28,IT,Executive,Non-Travel,1,4,1,23400,1
50,Divorced,4,Finance,Executive,Travel_Frequently,1,12,2,114032,0
58,Single,22,R&D,Executive,Non-Travel,4,0,2,145319,1
22,Married,12,IT,Manager,Non-Travel,4,22,5,124960,0
41,Married,3,Sales,Engineer,Travel_Frequently,1,7,2,57015,0
53,Divorced,22,Finance,Manager,Travel_Frequently,1,2,4,89713,0
32,Single,2,R&D,Engineer,Travel_Rarely,4,2,3,106754,0
42,Married,24,IT,Executive,Non-Travel,4,6,2,61148,0
45,Single,34,Finance,Analyst,Travel_Frequently,2,3,7,140790,1
47,Married,27,HR,Clerk,Non-Travel,2,2,9,104078,1
48,Single,1,Finance,Clerk,Non-Travel,2,14,2,74879,0
36,Divorced,8,Sales,Executive,Travel_Frequently,1,7,5,137894,0
35,Married,23,Finance,Manager,Travel_Rarely,3,2,6,83839,1
23,Married,38,IT,Analyst,Non-Travel,4,6,6,47756,1
57,Single,6,IT,Engineer,Travel_Frequently,2,17,1,110943,0
27,Single,22,Finance,Executive,Travel_Rarely,3,10,2,54744,0
41,Married,25,IT,Analyst,Non-Travel,4,10,9,142697,1
29,Divorced,18,HR,Analyst,Travel_Frequently,3,16,9,134072,1
59,Single,17,Finance,Engineer,Non-Travel,1,5,3,25176,1
38,Single,12,HR,Analyst,Travel_Frequently,1,7,6,109310,1
24,Single,6,HR,Manager,Travel_Frequently,1,0,1,63177,1
45,Married,26,R&D,Manager,Non-Travel,2,9,2,128623,0
34,Married,27,Finance,Manager,Non-Travel,4,24,6,18997,1
29,Married,8,IT,Analyst,Travel_Frequently,1,18,6,138179,1
46,Married,19,HR,Manager,Travel_Rarely,2,2,9,138403,1
22,Divorced,1,R&D,Engineer,Non-Travel,2,3,2,113287,0
40,Divorced,29,Finance,Analyst,Travel_Frequently,2,10,0,137574,0
48,Married,35,Finance,Clerk,Travel_Frequently,2,14,2,139509,0
27,Divorced,14,Sales,Analyst,Travel_Rarely,1,0,4,103447,1
28,Single,35,Sales,Engineer,Travel_Rarely,2,8,6,127522,1
55,Single,20,HR,Clerk,Travel_Rarely,1,10,3,99144,0
34,Single,13,Sales,Analyst,Non-Travel,1,18,0,110693,0
37,Married,38,HR,Manager,Travel_Frequently,2,12,5,112315,0
56,Single,8,IT,Executive,Travel_Frequently,1,15,1,45387,0
24,Divorced,20,HR,Executive,Travel_Frequently,4,3,2,22090,0
22,Married,33,Sales,Manager,Travel_Rarely,4,0,3,138846,1
26,Divorced,26,IT,Executive,Travel_Frequently,3,19,5,58239,0
24,Single,39,Sales,Executive,Non-Travel,4,12,5,21743,0
49,Single,21,HR,Manager,Travel_Rarely,1,0,6,48924,1
38,Single,9,R&D,Manager,Travel_Rarely,1,4,4,148160,0
46,Married,24,Finance,Analyst,Travel_Rarely,4,4,6,109815,1
54,Divorced,37,Sales,Analyst,Travel_Rarely,2,13,1,123312,0
30,Married,17,HR,Manager,Non-Travel,2,22,0,86860,0
56,Married,24,IT,Engineer,Travel_Frequently,1,13,9,98399,1
34,Single,21,Sales,Executive,Non-Travel,2,7,7,66795,1
51,Married,39,Sales,Analyst,Travel_Frequently,3,3,0,69553,0
35,Married,39,Finance,Executive,Non-Travel,3,6,1,121976,0
28,Single,13,HR,Clerk,Travel_Rarely,4,19,9,131566,1
34,Married,11,R&D,Manager,Travel_Rarely,4,18,5,137968,0
43,Single,19,IT,Engineer,Non-Travel,2,14,0,79600,0
41,Single,11,HR,Clerk,Non-Travel,1,21,9,68022,1
36,Single,13,IT,Clerk,Travel_Frequently,4,3,2,68897,0
38,Single,1,Sales,Clerk,Non-Travel,3,18,6,56038,1
44,Married,19,Finance,Manager,Non-Travel,4,8,7,141323,1
46,Single,12,Finance,Analyst,Travel_Frequently,4,20,3,138278,0
45,Single,8,R&D,Manager,Travel_Frequently,3,12,2,129054,0
49,Married,8,Finance,Analyst,Travel_Frequently,1,13,0,25897,1
35,Married,12,Sales,Clerk,Non-Travel,4,22,8,82541,1
21,Divorced,33,R&D,Clerk,Travel_Frequently,4,13,9,124968,1
45,Married,26,HR,Engineer,Travel_Rarely,4,21,5,32892,0
27,Married,39,Finance,Analyst,Travel_Rarely,2,9,5,42815,0
29,Divorced,28,R&D,Clerk,Travel_Rarely,4,15,8,63612,1
44,Married,5,Sales,Executive,Non-Travel,3,4,0,34267,0
21,Married,8,IT,Engineer,Travel_Rarely,1,22,5,36268,1
28,Married,25,IT,Manager,Non-Travel,1,5,4,132463,0
44,Married,27,Sales,Engineer,Non-Travel,3,1,5,113347,1
31,Divorced,23,Sales,Executive,Travel_Rarely,2,12,7,112542,1
37,Married,30,IT,Analyst,Travel_Frequently,3,12,4,84612,0
28,Married,23,R&D,Manager,Non-Travel,1,18,1,106757,0
55,Divorced,20,IT,Manager,Travel_Rarely,3,17,1,116075,0
55,Single,18,Sales,Analyst,Non-Travel,2,18,9,52609,1
53,Divorced,18,Finance,Engineer,Travel_Frequently,1,0,4,120785,1
25,Single,2,HR,Clerk,Travel_Frequently,2,7,2,41645,0
59,Divorced,4,Finance,Engineer,Travel_Rarely,3,21,9,80233,1
48,Divorced,30,Finance,Executive,Non-Travel,4,15,2,129443,0
27,Married,33,Sales,Clerk,Non-Travel,3,1,7,25771,1
29,Single,36,IT,Engineer,Non-Travel,2,7,6,120601,1
28,Married,18,R&D,Analyst,Non-Travel,3,5,0,143224,0
32,Single,37,Finance,Executive,Travel_Rarely,4,15,4,101251,0
54,Divorced,19,IT,Executive,Travel_Frequently,2,22,8,75042,1
53,Divorced,28,R&D,Executive,Travel_Rarely,3,10,3,71740,0
43,Single,20,Finance,Clerk,Non-Travel,2,16,0,65024,0
44,Married,33,R&D,Manager,Non-Travel,2,22,7,74965,1
57,Married,12,IT,Clerk,Travel_Frequently,1,18,4,28057,1
55,Married,15,HR,Engineer,Non-Travel,1,10,1,26983,1
42,Married,39,IT,Manager,Travel_Rarely,2,7,0,148469,0
47,Divorced,2,Sales,Engineer,Travel_Rarely,3,21,2,37995,0
55,Divorced,29,R&D,Manager,Travel_Frequently,3,3,8,132587,1
21,Divorced,10,HR,Clerk,Travel_Rarely,3,10,0,56886,0
55,Divorced,2,R&D,Executive,Travel_Rarely,4,7,3,107025,0
57,Divorced,11,R&D,Analyst,Travel_Rarely,2,8,7,113149,1
34,Married,13,Finance,Executive,Travel_Rarely,2,1,7,112020,1
23,Married,10,Sales,Clerk,Non-Travel,4,15,9,20673,1
21,Married,14,R&D,Manager,Travel_Rarely,2,5,7,95513,1
25,Married,18,IT,Executive,Travel_Frequently,2,20,9,41466,1
46,Divorced,9,IT,Clerk,Travel_Frequently,4,20,7,110545,1
34,Divorced,39,Finance,Engineer,Travel_Rarely,1,18,3,68406,0
59,Divorced,28,Sales,Analyst,Travel_Frequently,2,7,7,87284,1
47,Single,3,Sales,Executive,Travel_Rarely,4,13,8,132579,1
29,Married,20,IT,Manager,Travel_Frequently,3,23,6,31665,1
35,Married,6,HR,Engineer,Travel_Frequently,1,15,1,38641,1
35,Divorced,27,Finance,Clerk,Travel_Rarely,3,11,8,53797,1
46,Married,2,Finance,Analyst,Travel_Rarely,2,4,7,63950,1
33,Married,29,IT,Manager,Non-Travel,1,23,4,147554,0
52,Divorced,38,IT,Clerk,Travel_Rarely,4,23,2,120339,0
59,Single,3,HR,Clerk,Travel_Rarely,2,18,6,131431,1
52,Single,16,HR,Executive,Non-Travel,4,17,1,39173,0
24,Single,30,Sales,Executive,Travel_Rarely,1,8,2,36095,1
50,Divorced,2,Finance,Manager,Travel_Rarely,3,1,8,141554,1
57,Married,17,Finance,Clerk,Non-Travel,2,24,3,143614,0
43,Divorced,12,IT,Executive,Travel_Rarely,2,19,3,107023,0
59,Divorced,35,Sales,Analyst,Travel_Rarely,4,11,2,125181,0
35,Married,1,Finance,Analyst,Non-Travel,1,1,4,38600,1
49,Single,15,Sales,Clerk,Non-Travel,4,9,2,20466,0
56,Single,26,Sales,Executive,Travel_Frequently,1,0,8,127934,1
33,Divorced,37,IT,Manager,Travel_Rarely,2,3,2,71276,0
52,Single,21,Sales,Manager,Travel_Frequently,1,24,1,24928,1
27,Divorced,31,HR,Manager,Travel_Frequently,2,11,4,73309,0
42,Divorced,25,HR,Analyst,Non-Travel,1,8,5,134196,0
48,Married,23,R&D,Executive,Travel_Rarely,3,3,0,27404,0
22,Married,24,IT,Executive,Travel_Rarely,1,8,5,131187,0
26,Married,38,R&D,Analyst,Non-Travel,3,5,9,128449,1
48,Divorced,28,HR,Manager,Travel_Frequently,1,0,2,45684,1
48,Married,21,R&D,Manager,Non-Travel,1,9,3,86591,0
40,Single,18,IT,Clerk,Travel_Rarely,4,13,5,137821,0
50,Single,36,IT,Engineer,Non-Travel,4,21,7,20682,1
31,Divorced,35,Sales,Executive,Travel_Rarely,2,24,8,129186,1
48,Divorced,9,Finance,Executive,Travel_Frequently,4,17,5,39832,0
45,Married,38,Sales,Executive,Travel_Rarely,1,5,6,34997,1
59,Divorced,30,IT,Engineer,Travel_Frequently,4,17,4,52640,0
53,Divorced,34,HR,Clerk,Travel_Frequently,1,19,8,58491,1
21,Single,32,HR,Engineer,Travel_Rarely,3,15,3,81043,0
47,Single,3,Sales,Manager,Travel_Rarely,1,14,9,130175,1
33,Married,3,IT,Manager,Travel_Frequently,2,15,5,146568,0
23,Divorced,28,HR,Executive,Non-Travel,3,7,4,132250,0
59,Divorced,15,IT,Analyst,Travel_Rarely,2,12,0,90725,0
26,Single,23,HR,Executive,Travel_Frequently,2,22,4,146131,0
28,Divorced,11,IT,Analyst,Travel_Frequently,2,10,4,63520,0
47,Single,32,R&D,Engineer,Non-Travel,4,24,8,80919,1
29,Married,36,IT,Manager,Travel_Rarely,2,6,0,127869,0
57,Single,33,IT,Analyst,Travel_Frequently,3,16,4,82442,0
53,Divorced,24,Sales,Engineer,Non-Travel,1,17,6,123246,1
44,Married,39,R&D,Manager,Travel_Frequently,2,21,5,127687,0
35,Single,34,Finance,Analyst,Travel_Rarely,3,22,5,141447,0
52,Single,28,Sales,Executive,Non-Travel,2,18,6,79477,1
52,Married,37,Finance,Executive,Travel_Frequently,1,24,5,18244,1
44,Married,7,HR,Executive,Non-Travel,3,12,4,97453,0
32,Single,4,Finance,Engineer,Travel_Rarely,3,14,9,145962,1
59,Divorced,37,IT,Executive,Non-Travel,1,22,4,89303,0
22,Single,1,Finance,Clerk,Travel_Rarely,3,21,8,46390,1
23,Married,1,Sales,Manager,Travel_Frequently,1,21,7,28247,1
57,Single,20,Sales,Engineer,Travel_Rarely,3,0,9,47583,1
37,Married,19,Finance,Executive,Travel_Frequently,3,15,3,46670,0
22,Married,29,Sales,Manager,Travel_Frequently,1,4,3,142920,0
22,Divorced,10,Sales,Analyst,Travel_Rarely,1,2,9,28236,1
48,Married,18,Finance,Executive,Travel_Frequently,3,22,4,53568,0
43,Married,28,R&D,Manager,Non-Travel,3,9,2,125327,0
57,Divorced,35,R&D,Clerk,Travel_Frequently,1,18,7,128188,1
52,Married,31,HR,Analyst,Travel_Rarely,4,4,6,34352,1
53,Divorced,27,Sales,Clerk,Non-Travel,1,6,4,143721,0
21,Divorced,11,Finance,Manager,Non-Travel,3,13,9,73904,1
39,Married,38,Sales,Clerk,Travel_Frequently,3,2,2,140141,0
22,Married,5,IT,Manager,Travel_Frequently,3,12,4,34108,0
46,Single,8,Sales,Manager,Travel_Rarely,1,12,2,20853,1
52,Divorced,34,Sales,Clerk,Non-Travel,3,9,9,102156,1
26,Single,12,R&D,Manager,Travel_Rarely,4,1,4,22176,1
52,Married,38,Finance,Executive,Travel_Frequently,2,5,0,118459,0
24,Single,1,Sales,Manager,Non-Travel,4,7,5,141225,0
31,Divorced,31,R&D,Engineer,Travel_Rarely,1,3,9,136458,1
37,Single,4,HR,Manager,Travel_Rarely,3,24,3,128893,0
58,Divorced,5,R&D,Engineer,Travel_Rarely,1,11,3,91927,0
44,Married,30,R&D,Manager,Travel_Rarely,2,14,7,136178,1
25,Married,24,R&D,Manager,Travel_Rarely,1,7,1,58667,0
54,Divorced,3,Sales,Clerk,Non-Travel,3,6,3,24611,0
26,Married,11,Sales,Executive,Travel_Rarely,2,13,1,106242,0
42,Married,4,HR,Executive,Non-Travel,2,22,0,102612,0
31,Married,26,IT,Analyst,Travel_Rarely,3,18,9,64902,1
36,Married,27,IT,Clerk,Travel_Frequently,3,13,2,51043,0
53,Divorced,27,IT,Clerk,Travel_Frequently,3,21,7,90867,1
29,Single,6,HR,Executive,Travel_Rarely,1,12,5,95089,0
26,Single,15,IT,Clerk,Travel_Frequently,4,20,6,76745,1
36,Married,30,IT,Executive,Non-Travel,1,0,1,103970,1
49,Single,37,R&D,Clerk,Travel_Rarely,1,18,5,42464,0
23,Single,37,Sales,Manager,Non-Travel,4,0,7,136523,1
40,Married,37,Sales,Executive,Travel_Rarely,3,3,7,38662,1
56,Married,35,R&D,Executive,Travel_Frequently,3,9,3,36228,0
39,Single,23,R&D,Engineer,Non-Travel,4,2,5,78721,0
46,Divorced,6,R&D,Clerk,Travel_Frequently,4,19,4,24862,0
23,Married,4,Sales,Clerk,Travel_Frequently,1,8,8,58108,1
39,Divorced,18,IT,Executive,Travel_Rarely,2,2,7,109788,1
40,Single,9,R&D,Manager,Non-Travel,4,5,1,98140,0
52,Married,29,HR,Manager,Travel_Frequently,1,5,6,86578,1
27,Divorced,13,R&D,Manager,Travel_Rarely,2,22,6,67966,1
53,Married,17,Finance,Clerk,Travel_Rarely,3,24,0,28386,0
59,Single,32,R&D,Engineer,Travel_Rarely,3,11,0,95228,0
38,Divorced,22,Sales,Executive,Travel_Frequently,1,22,3,90197,0
21,Single,4,R&D,Analyst,Travel_Rarely,1,0,4,61021,1
31,Single,5,Finance,Engineer,Non-Travel,4,15,3,136915,0
48,Married,37,HR,Analyst,Non-Travel,3,23,6,135174,1
45,Divorced,13,IT,Engineer,Travel_Frequently,1,4,2,104755,0
43,Single,34,R&D,Manager,Non-Travel,3,8,6,84330,1
51,Single,22,Finance,Clerk,Travel_Rarely,3,9,7,90322,1
50,Divorced,23,Finance,Analyst,Travel_Frequently,4,12,5,120318,0
55,Single,3,HR,Engineer,Travel_Rarely,2,14,5,63313,0
27,Single,34,Sales,Clerk,Travel_Frequently,4,11,7,45032,1
36,Divorced,32,R&D,Analyst,Travel_Frequently,1,4,7,79710,1
46,Divorced,21,Finance,Executive,Travel_Rarely,4,4,6,113326,1
22,Divorced,21,HR,Engineer,Non-Travel,4,17,5,104157,0
21,Divorced,11,IT,Executive,Non-Travel,3,11,5,46365,0
32,Married,39,Finance,Manager,Travel_Frequently,4,2,9,31189,1
25,Divorced,4,HR,Executive,Travel_Rarely,1,24,5,25248,1
57,Married,1,Sales,Executive,Travel_Rarely,2,6,7,22369,1
52,Married,28,Sales,Engineer,Travel_Frequently,4,16,0,46605,0
29,Married,24,Finance,Manager,Non-Travel,4,18,4,67616,0
55,Single,35,Finance,Executive,Travel_Rarely,2,17,2,121719,0
39,Married,13,R&D,Clerk,Non-Travel,1,0,7,51055,1
36,Married,34,HR,Analyst,Non-Travel,1,24,5,134680,0
23,Single,11,Finance,Executive,Travel_Frequently,4,23,1,25450,0
40,Single,36,R&D,Manager,Travel_Frequently,3,4,6,68272,1
44,Single,17,R&D,Executive,Non-Travel,4,1,6,23310,1
53,Divorced,35,Finance,Analyst,Travel_Rarely,2,0,4,49817,1
44,Single,18,Sales,Manager,Travel_Rarely,2,6,7,100641,1
31,Single,22,HR,Engineer,Travel_Frequently,2,10,4,33457,1
28,Married,24,HR,Manager,Non-Travel,4,10,0,60311,0
56,Single,19,Sales,Engineer,Travel_Rarely,4,17,8,141573,1
58,Divorced,37,Finance,Manager,Travel_Rarely,1,16,3,115427,0
40,Single,39,HR,Analyst,Travel_Frequently,3,1,1,54181,1
55,Divorced,21,Finance,Analyst,Non-Travel,4,6,3,149094,0
45,Single,8,Finance,Manager,Travel_Rarely,1,6,8,19128,1
55,Single,28,R&D,Executive,Travel_Frequently,4,9,1,97522,0
45,Single,5,Sales,Analyst,Travel_Rarely,1,21,3,66929,0
49,Single,17,Finance,Engineer,Travel_Rarely,1,20,1,99696,0
38,Divorced,37,IT,Engineer,Travel_Rarely,3,2,4,133245,0
38,Divorced,36,Sales,Clerk,Travel_Frequently,4,11,2,27808,0
22,Married,19,HR,Engineer,Non-Travel,1,2,9,113148,1
55,Divorced,27,R&D,Clerk,Travel_Frequently,2,10,1,39725,1
36,Single,34,HR,Manager,Non-Travel,2,11,8,90534,1
56,Married,11,HR,Manager,Travel_Rarely,2,24,4,57950,0
53,Married,12,Sales,Manager,Non-Travel,3,3,9,101576,1
24,Married,21,HR,Executive,Travel_Rarely,1,24,4,38557,1
53,Single,11,Finance,Executive,Travel_Rarely,3,15,0,39825,0
34,Divorced,39,HR,Clerk,Travel_Frequently,4,19,5,26998,0
41,Single,28,R&D,Engineer,Travel_Rarely,4,17,6,54080,1
40,Married,5,R&D,Engineer,Travel_Frequently,1,3,0,60407,0
28,Single,17,IT,Manager,Non-Travel,2,21,8,138283,1
27,Single,20,R&D,Analyst,Non-Travel,1,5,7,31338,1
23,Divorced,12,HR,Executive,Travel_Rarely,1,20,7,94289,1
37,Divorced,6,R&D,Executive,Travel_Frequently,1,14,6,149029,1
53,Married,17,Sales,Manager,Travel_Rarely,3,0,4,127367,1
32,Single,19,R&D,Executive,Travel_Frequently,4,2,2,83898,0
42,Single,26,Finance,Manager,Travel_Frequently,1,4,8,135486,1
42,Divorced,32,Sales,Clerk,Travel_Frequently,1,21,6,104540,1
50,Single,6,IT,Engineer,Non-Travel,1,16,9,143416,1
58,Single,36,Finance,Analyst,Travel_Frequently,3,13,9,57963,1
58,Single,38,HR,Engineer,Non-Travel,3,8,7,112929,1
28,Divorced,11,HR,Engineer,Travel_Frequently,3,2,5,92935,0
47,Married,33,HR,Clerk,Non-Travel,1,12,4,31686,1
47,Married,24,Finance,Executive,Non-Travel,2,2,7,81528,1
54,Single,23,Finance,Analyst,Non-Travel,2,10,2,117811,0
41,Married,15,Finance,Executive,Travel_Rarely,2,1,6,40787,1
50,Divorced,27,Sales,Engineer,Travel_Frequently,4,23,1,133613,0
53,Divorced,11,Sales,Manager,Travel_Rarely,1,14,2,122887,0
48,Married,17,HR,Engineer,Travel_Frequently,2,12,1,79086,0
53,Married,14,R&D,Executive,Travel_Frequently,2,18,4,120231,0
25,Single,27,HR,Engineer,Travel_Rarely,2,21,6,81308,1
39,Married,18,IT,Manager,Non-Travel,1,15,9,33797,1
24,Single,28,Sales,Clerk,Travel_Frequently,2,17,9,23302,1
55,Single,4,Finance,Executive,Non-Travel,2,6,0,56059,0
37,Divorced,7,Sales,Engineer,Travel_Rarely,1,12,9,149980,1
48,Divorced,35,Finance,Executive,Non-Travel,4,3,8,32239,1
50,Divorced,9,IT,Clerk,Travel_Frequently,3,8,0,45313,0
49,Divorced,8,IT,Engineer,Travel_Frequently,2,9,0,60103,0
26,Married,17,Sales,Engineer,Travel_Frequently,3,8,9,106771,1
55,Divorced,17,Finance,Executive,Travel_Rarely,4,6,7,144228,1
57,Married,33,IT,Executive,Travel_Frequently,4,14,5,109665,0
44,Divorced,32,HR,Manager,Travel_Rarely,2,7,5,28534,1
49,Married,8,HR,Clerk,Non-Travel,1,18,8,61060,1
51,Single,19,Finance,Manager,Travel_Frequently,4,10,3,35189,0
55,Married,38,Sales,Engineer,Travel_Frequently,3,4,7,146431,1
53,Married,3,IT,Executive,Travel_Frequently,3,1,3,104067,1
41,Divorced,5,Sales,Engineer,Non-Travel,3,9,1,28967,0
52,Married,13,HR,Engineer,Travel_Frequently,3,15,7,83563,1
43,Single,31,IT,Analyst,Travel_Rarely,4,22,6,26660,1
53,Single,16,Sales,Analyst,Non-Travel,2,12,3,136671,0
23,Divorced,32,R&D,Engineer,Non-Travel,2,7,8,147909,1
38,Single,22,Finance,Executive,Non-Travel,3,8,8,93976,1
45,Married,29,Finance,Engineer,Non-Travel,2,10,7,31107,1
51,Single,22,R&D,Analyst,Non-Travel,3,10,0,112182,0
23,Divorced,3,HR,Executive,Travel_Rarely,3,22,6,109787,1
44,Married,10,IT,Engineer,Non-Travel,1,15,4,33954,1
52,Divorced,21,Finance,Clerk,Travel_Frequently,4,9,6,34943,1
42,Married,16,R&D,Clerk,Non-Travel,4,23,8,58725,1
43,Single,12,R&D,Engineer,Non-Travel,3,11,1,63434,0
22,Divorced,2,HR,Executive,Non-Travel,4,24,3,103751,0
47,Divorced,24,HR,Engineer,Non-Travel,2,5,3,28110,1
22,Married,35,Sales,Engineer,Non-Travel,3,11,1,34462,0
46,Divorced,30,Finance,Analyst,Travel_Rarely,1,9,2,97232,0
37,Married,30,Sales,Clerk,Travel_Rarely,2,17,7,84567,1
53,Married,35,R&D,Analyst,Non-Travel,1,17,8,145425,1
29,Married,19,IT,Analyst,Travel_Rarely,1,3,5,74063,0
59,Married,8,IT,Engineer,Travel_Frequently,4,8,9,131394,1
49,Single,26,HR,Analyst,Non-Travel,4,6,1,73240,0
46,Married,7,IT,Clerk,Travel_Frequently,3,17,1,99352,0
55,Divorced,30,IT,Analyst,Travel_Frequently,4,7,6,98989,1
45,Single,7,IT,Clerk,Non-Travel,1,10,7,40222,1
44,Divorced,3,R&D,Analyst,Travel_Frequently,1,6,7,97794,1
33,Single,1,IT,Clerk,Travel_Frequently,2,8,5,81924,0
27,Married,36,IT,Analyst,Travel_Frequently,1,7,9,117854,1
56,Single,25,IT,Analyst,Non-Travel,3,2,7,96513,1
40,Single,37,Sales,Executive,Non-Travel,3,16,0,72649,0
21,Divorced,1,R&D,Clerk,Travel_Frequently,4,1,8,120986,1
28,Divorced,15,HR,Clerk,Non-Travel,4,14,0,101749,0
36,Married,37,Sales,Clerk,Non-Travel,4,13,2,57369,0
34,Single,13,Finance,Manager,Travel_Frequently,3,17,8,104379,1
32,Single,8,R&D,Analyst,Non-Travel,1,15,4,87392,0
43,Single,5,R&D,Clerk,Travel_Rarely,4,19,8,30661,1
35,Married,9,Finance,Manager,Non-Travel,2,21,8,89718,1
48,Married,1,Finance,Executive,Travel_Rarely,4,3,5,25970,0
54,Married,36,Finance,Clerk,Travel_Frequently,3,24,0,65922,0
22,Married,35,HR,Clerk,Non-Travel,4,19,9,48755,1
52,Married,2,IT,Manager,Travel_Frequently,1,5,6,138926,1
43,Divorced,23,R&D,Analyst,Travel_Frequently,4,5,5,37416,0
42,Single,9,IT,Executive,Travel_Frequently,3,10,8,31672,1
45,Single,34,IT,Clerk,Travel_Frequently,3,16,6,146145,1
42,Single,14,Finance,Analyst,Travel_Frequently,2,23,3,92095,0
42,Single,4,HR,Executive,Non-Travel,3,2,6,18064,1
26,Single,30,Sales,Engineer,Travel_Rarely,2,12,1,86835,0
35,Single,31,HR,Engineer,Non-Travel,1,21,5,105594,0
57,Single,38,IT,Executive,Non-Travel,3,2,5,134916,0
53,Single,11,HR,Manager,Non-Travel,4,15,1,138308,0
28,Divorced,35,Finance,Executive,Non-Travel,1,14,3,100516,0
25,Single,8,Sales,Executive,Travel_Rarely,4,10,7,82666,1
59,Divorced,3,Finance,Manager,Non-Travel,4,17,7,136294,1
24,Married,14,Sales,Manager,Travel_Frequently,4,14,7,28866,1
26,Single,13,IT,Analyst,Non-Travel,1,4,7,21889,1
52,Married,32,Sales,Analyst,Non-Travel,1,15,0,136194,0
50,Married,34,Sales,Manager,Travel_Rarely,3,15,1,142714,0
55,Married,19,Sales,Engineer,Travel_Rarely,4,16,3,49335,0
36,Divorced,38,HR,Engineer,Travel_Frequently,2,8,8,68547,1
33,Married,16,HR,Executive,Non-Travel,3,22,2,116756,0
50,Married,2,IT,Clerk,Non-Travel,1,2,5,28995,1
39,Married,17,Sales,Executive,Non-Travel,2,19,6,20631,1
37,Single,34,R&D,Executive,Travel_Frequently,1,12,7,106294,1
39,Single,16,IT,Clerk,Travel_Rarely,2,21,6,105278,1
48,Divorced,38,Sales,Manager,Travel_Frequently,3,2,2,82471,0
46,Divorced,2,Sales,Engineer,Non-Travel,2,6,5,55116,0
57,Single,2,HR,Executive,Travel_Rarely,3,5,4,110116,0
46,Divorced,26,IT,Clerk,Travel_Rarely,1,8,9,65664,1
43,Single,13,Sales,Analyst,Travel_Frequently,2,11,3,105342,0
29,Married,31,Sales,Executive,Travel_Rarely,4,14,0,32407,0
32,Married,34,IT,Engineer,Travel_Rarely,4,20,6,131926,1
21,Divorced,39,R&D,Manager,Non-Travel,1,19,7,77201,1
21,Single,3,IT,Executive,Non-Travel,2,2,1,98093,0
54,Single,8,IT,Executive,Travel_Rarely,4,9,6,35878,1
52,Divorced,23,R&D,Clerk,Travel_Rarely,3,0,5,101100,1
45,Single,14,IT,Analyst,Travel_Frequently,2,18,4,96629,0
21,Married,27,Sales,Analyst,Travel_Frequently,2,18,3,61168,0
36,Divorced,29,IT,Manager,Travel_Rarely,4,22,1,72862,0
59,Divorced,39,R&D,Engineer,Non-Travel,3,22,9,46004,1
25,Single,39,Finance,Manager,Travel_Rarely,3,12,5,38471,0
42,Divorced,1,IT,Executive,Travel_Rarely,3,11,4,109820,0
49,Single,17,HR,Executive,Non-Travel,2,0,1,120229,1
23,Single,30,Sales,Analyst,Non-Travel,1,18,9,83308,1
32,Single,13,Sales,Engineer,Travel_Frequently,2,23,6,101969,1
46,Single,21,HR,Clerk,Travel_Frequently,2,15,5,32568,1
36,Single,19,HR,Engineer,Travel_Frequently,4,24,8,27466,1
57,Divorced,19,IT,Executive,Travel_Frequently,1,22,9,75324,1
42,Married,25,HR,Clerk,Non-Travel,3,22,4,120208,0
49,Married,22,Finance,Engineer,Travel_Rarely,4,14,8,93955,1
34,Divorced,31,R&D,Engineer,Travel_Frequently,2,15,8,112791,1
48,Divorced,17,HR,Clerk,Travel_Frequently,1,10,0,126718,0
25,Married,23,HR,Executive,Non-Travel,3,23,4,40650,0
50,Married,32,Finance,Engineer,Non-Travel,3,5,8,106290,1
25,Married,10,Sales,Clerk,Travel_Rarely,2,10,6,95701,1
32,Married,10,Sales,Executive,Travel_Rarely,3,2,5,28683,0
36,Married,36,IT,Clerk,Non-Travel,3,14,5,98978,0
46,Single,8,Finance,Clerk,Travel_Frequently,1,0,6,22860,1
46,Divorced,20,R&D,Engineer,Travel_Frequently,4,6,0,49351,0
41,Single,32,R&D,Executive,Travel_Frequently,1,0,3,80744,1
59,Married,14,Finance,Engineer,Travel_Rarely,4,16,0,138198,0
56,Married,28,R&D,Manager,Travel_Frequently,4,8,5,92155,0
53,Married,24,Sales,Manager,Travel_Frequently,4,22,3,139449,0
50,Single,15,R&D,Executive,Non-Travel,3,12,0,94700,0
57,Single,22,R&D,Clerk,Travel_Frequently,1,10,8,24955,1
43,Married,30,Finance,Engineer,Non-Travel,3,19,3,39662,0
30,Single,4,Finance,Engineer,Travel_Frequently,2,5,5,24408,1
25,Single,13,R&D,Executive,Travel_Rarely,1,0,6,19225,1
56,Married,23,HR,Executive,Travel_Frequently,4,6,7,35279,1
54,Single,8,Finance,Manager,Travel_Frequently,3,11,8,128401,1
51,Divorced,18,IT,Analyst,Non-Travel,3,21,8,110404,1
30,Divorced,12,IT,Executive,Non-Travel,1,19,7,66481,1
39,Divorced,31,Sales,Analyst,Non-Travel,1,22,9,62552,1
52,Divorced,14,R&D,Executive,Travel_Frequently,4,18,2,92474,0
21,Married,34,HR,Clerk,Travel_Frequently,4,16,1,43168,0
25,Married,18,Sales,Clerk,Travel_Rarely,2,3,4,50099,0
24,Married,34,R&D,Manager,Travel_Frequently,4,2,0,79455,0
36,Divorced,11,Finance,Manager,Travel_Rarely,3,0,2,72240,1
44,Divorced,12,IT,Analyst,Non-Travel,2,17,0,92796,0
36,Single,15,HR,Executive,Non-Travel,2,20,2,72592,0
22,Single,31,IT,Engineer,Non-Travel,2,14,3,140181,0
48,Divorced,29,Finance,Manager,Travel_Rarely,1,7,6,119611,1
52,Divorced,26,R&D,Engineer,Travel_Frequently,4,0,4,76046,1
47,Divorced,18,Finance,Engineer,Non-Travel,2,19,4,34488,1
40,Divorced,32,Finance,Executive,Travel_Frequently,1,13,0,136521,0
44,Single,22,IT,Analyst,Travel_Frequently,1,3,7,149467,1
32,Divorced,38,HR,Executive,Non-Travel,2,4,3,36394,1
55,Single,17,Finance,Manager,Travel_Rarely,2,22,9,111993,1
53,Divorced,23,IT,Engineer,Travel_Frequently,3,12,4,77332,0
53,Divorced,24,HR,Executive,Non-Travel,2,23,1,60628,0
57,Divorced,8,R&D,Executive,Travel_Frequently,3,14,0,39352,0
32,Single,6,R&D,Executive,Travel_Frequently,2,5,8,100971,1
23,Single,5,Sales,Manager,Travel_Frequently,2,0,1,69993,1
21,Married,29,IT,Analyst,Travel_Frequently,4,22,5,121027,0
53,Divorced,28,HR,Executive,Travel_Frequently,2,18,0,138212,0
30,Married,11,Finance,Manager,Travel_Rarely,2,12,0,26539,1
49,Married,1,R&D,Engineer,Travel_Rarely,3,5,8,71817,1
33,Single,19,HR,Clerk,Non-Travel,3,14,3,67107,0
32,Single,9,IT,Manager,Travel_Rarely,4,15,8,147240,1
51,Married,27,Sales,Clerk,Travel_Rarely,2,23,4,117655,0
22,Divorced,34,R&D,Executive,Travel_Rarely,2,22,6,74132,1
55,Single,4,HR,Executive,Travel_Frequently,3,15,0,143701,0
43,Divorced,36,HR,Manager,Travel_Frequently,1,9,5,123494,0
37,Divorced,18,HR,Clerk,Non-Travel,1,21,7,70979,1
46,Married,15,IT,Executive,Non-Travel,1,8,0,76013,0
28,Married,13,IT,Engineer,Non-Travel,3,8,8,81797,1
49,Married,19,IT,Analyst,Travel_Frequently,3,16,2,69798,0
46,Married,6,Finance,Analyst,Travel_Rarely,1,16,0,94421,0
30,Single,12,HR,Executive,Travel_Rarely,1,16,0,25434,1
46,Single,37,R&D,Clerk,Travel_Frequently,2,23,5,48028,0
54,Married,17,IT,Executive,Non-Travel,3,11,5,84558,0
27,Single,23,IT,Clerk,Non-Travel,3,12,0,42331,0
24,Married,26,HR,Engineer,Non-Travel,1,11,2,85573,0
31,Divorced,29,IT,Clerk,Travel_Frequently,1,13,6,147473,1
49,Divorced,33,Finance,Executive,Non-Travel,4,9,9,100979,1
56,Divorced,27,Finance,Engineer,Non-Travel,3,22,2,22123,0
45,Married,25,IT,Manager,Travel_Frequently,4,18,2,34603,0
41,Divorced,10,HR,Analyst,Travel_Rarely,2,1,2,83941,1
56,Single,23,HR,Executive,Travel_Frequently,4,3,6,60597,1
30,Divorced,21,HR,Executive,Travel_Frequently,1,18,3,102238,0
57,Divorced,21,Sales,Executive,Travel_Frequently,3,6,3,59751,0
29,Divorced,13,IT,Engineer,Travel_Frequently,3,14,2,144462,0
44,Single,37,HR,Manager,Travel_Rarely,4,14,9,104978,1
55,Married,33,Finance,Clerk,Non-Travel,4,23,8,35693,1
55,Single,24,R&D,Manager,Travel_Frequently,2,5,1,112524,0
56,Married,11,R&D,Engineer,Travel_Rarely,2,2,3,115869,0
38,Married,17,HR,Executive,Non-Travel,1,5,7,81825,1
59,Divorced,4,R&D,Analyst,Non-Travel,1,15,5,148475,0
52,Married,25,R&D,Executive,Non-Travel,1,1,6,63406,1
44,Single,30,Sales,Clerk,Travel_Frequently,4,6,6,141371,1
43,Single,9,Finance,Analyst,Travel_Frequently,4,10,1,19617,0
52,Married,21,Finance,Executive,Non-Travel,3,6,3,61016,0
57,Divorced,20,Sales,Analyst,Non-Travel,1,3,9,42276,1
32,Divorced,19,Sales,Manager,Non-Travel,4,23,9,90240,1
33,Single,19,R&D,Engineer,Non-Travel,3,19,5,124292,0
43,Divorced,12,IT,Executive,Non-Travel,1,6,2,35959,1
45,Married,37,R&D,Clerk,Non-Travel,2,3,8,46522,1
55,Married,17,Sales,Manager,Travel_Rarely,2,11,3,44567,0
50,Single,37,Finance,Executive,Non-Travel,4,4,9,80708,1
37,Married,39,R&D,Manager,Travel_Frequently,3,22,1,144206,0
40,Single,28,IT,Clerk,Travel_Frequently,2,18,5,40560,0
45,Married,35,R&D,Executive,Travel_Frequently,3,4,0,76390,0
42,Single,18,HR,Clerk,Non-Travel,3,18,5,143772,0
33,Divorced,14,R&D,Analyst,Travel_Frequently,2,20,9,63104,1
39,Married,35,Sales,Clerk,Travel_Rarely,3,2,0,75805,0
56,Married,7,Finance,Analyst,Non-Travel,2,10,7,42496,1
32,Single,13,Finance,Executive,Travel_Frequently,4,6,4,109257,0
39,Single,18,Sales,Analyst,Travel_Rarely,1,16,5,21515,1
32,Married,37,HR,Executive,Travel_Rarely,1,24,1,22454,1
29,Single,13,Sales,Executive,Travel_Frequently,4,8,1,40873,0
27,Married,36,R&D,Engineer,Travel_Rarely,2,20,8,91920,1
48,Divorced,31,Sales,Executive,Travel_Frequently,2,8,2,31727,1
34,Single,2,Sales,Analyst,Travel_Rarely,2,9,5,146376,0
51,Married,16,HR,Engineer,Non-Travel,2,12,9,87070,1
39,Divorced,9,R&D,Engineer,Non-Travel,4,14,4,117059,0
36,Divorced,9,IT,Executive,Non-Travel,1,21,3,142564,0
25,Married,38,IT,Clerk,Non-Travel,3,4,9,135213,1
55,Single,11,Finance,Clerk,Non-Travel,3,2,1,43465,0
32,Married,22,Sales,Engineer,Travel_Frequently,1,7,7,77799,1
45,Divorced,33,Finance,Executive,Non-Travel,4,19,9,114129,1
41,Married,36,HR,Clerk,Non-Travel,3,9,6,125288,1
56,Single,23,IT,Executive,Non-Travel,1,12,1,30875,1
43,Divorced,34,Sales,Executive,Non-Travel,4,2,5,45219,0
36,Married,9,HR,Engineer,Travel_Rarely,3,21,7,54182,1
59,Single,24,HR,Engineer,Non-Travel,2,7,6,97781,1
59,Divorced,8,Sales,Manager,Non-Travel,2,8,0,24457,1
34,Single,7,HR,Clerk,Travel_Frequently,4,21,4,51064,0
51,Divorced,36,Sales,Clerk,Travel_Rarely,2,20,1,133256,0
25,Married,18,Sales,Clerk,Travel_Frequently,4,11,5,116297,0
55,Single,3,R&D,Analyst,Non-Travel,1,10,6,87918,1
43,Divorced,28,Finance,Executive,Travel_Frequently,1,1,6,108179,1
49,Single,6,HR,Engineer,Travel_Frequently,3,17,2,92944,0
31,Single,21,HR,Clerk,Non-Travel,4,8,6,107142,1
38,Married,28,R&D,Manager,Travel_Rarely,3,1,4,45603,1
32,Single,1,R&D,Clerk,Travel_Rarely,3,1,7,64458,1
29,Divorced,36,R&D,Executive,Travel_Frequently,1,2,7,88605,1
30,Divorced,21,IT,Executive,Non-Travel,3,15,6,37623,1
37,Divorced,35,IT,Engineer,Travel_Frequently,2,18,5,62440,0
58,Divorced,13,IT,Analyst,Travel_Frequently,3,3,1,100427,0
27,Married,10,Sales,Engineer,Travel_Frequently,4,22,5,111826,0
33,Single,10,HR,Clerk,Non-Travel,2,24,8,45460,1
29,Married,13,Finance,Manager,Non-Travel,1,17,1,128373,0
47,Single,37,Sales,Engineer,Travel_Rarely,4,19,0,22870,0
22,Single,38,HR,Analyst,Non-Travel,2,24,4,36909,1
25,Single,24,HR,Engineer,Travel_Frequently,4,17,5,27117,0
49,Married,2,R&D,Executive,Travel_Frequently,2,9,2,85474,0
57,Single,22,R&D,Clerk,Travel_Rarely,4,10,7,111926,1
58,Married,17,Sales,Clerk,Non-Travel,4,16,6,145463,1
39,Divorced,36,R&D,Clerk,Travel_Frequently,2,23,1,119536,0
28,Divorced,14,HR,Clerk,Travel_Rarely,1,24,6,38128,1
21,Single,10,R&D,Clerk,Travel_Rarely,1,22,0,87001,0
42,Married,35,IT,Clerk,Travel_Frequently,4,23,8,18440,1
37,Divorced,25,R&D,Manager,Travel_Frequently,4,19,6,141491,1
27,Married,3,HR,Analyst,Non-Travel,1,15,5,99662,0
45,Married,38,Sales,Clerk,Travel_Rarely,1,19,1,18005,1
24,Single,17,Finance,Analyst,Travel_Frequently,3,12,2,25038,0
56,Divorced,12,R&D,Clerk,Travel_Rarely,1,1,0,24414,1
26,Single,24,HR,Engineer,Non-Travel,4,23,9,87506,1
51,Single,29,Finance,Clerk,Travel_Frequently,2,1,4,94586,1
39,Divorced,25,Finance,Executive,Non-Travel,1,24,8,34482,1
59,Divorced,36,IT,Manager,Travel_Rarely,3,13,5,51948,0
47,Married,26,Finance,Engineer,Non-Travel,3,3,4,107987,0
30,Divorced,38,HR,Engineer,Non-Travel,3,16,2,38875,0
46,Married,1,HR,Executive,Travel_Rarely,2,12,4,31057,1
39,Married,20,R&D,Clerk,Non-Travel,1,3,7,50400,1
59,Married,28,R&D,Manager,Travel_Rarely,1,2,1,86607,0
23,Divorced,16,R&D,Engineer,Travel_Frequently,1,11,4,105561,0
33,Single,17,Finance,Manager,Travel_Rarely,2,21,5,45503,0
48,Married,28,Finance,Engineer,Travel_Rarely,2,22,9,119096,1
40,Single,12,IT,Clerk,Travel_Frequently,4,7,7,64612,1
48,Single,27,R&D,Engineer,Travel_Rarely,3,1,7,116318,1
28,Divorced,30,Sales,Engineer,Travel_Frequently,3,5,4,102335,0
59,Single,34,IT,Analyst,Travel_Frequently,1,21,8,118989,1
21,Single,37,Sales,Clerk,Travel_Rarely,2,9,3,111012,0
23,Divorced,6,Finance,Executive,Non-Travel,2,11,8,99748,1
33,Married,7,IT,Executive,Non-Travel,1,20,6,83195,1
48,Single,32,IT,Clerk,Travel_Frequently,1,9,5,107846,0
45,Divorced,32,HR,Executive,Non-Travel,4,9,3,120404,0
53,Single,25,Finance,Clerk,Non-Travel,3,22,1,57142,0
58,Single,33,Finance,Executive,Travel_Rarely,3,2,7,89540,1
26,Married,7,IT,Analyst,Travel_Frequently,3,19,5,94948,0
52,Single,12,Finance,Executive,Travel_Frequently,4,9,2,76951,0
41,Divorced,16,IT,Engineer,Travel_Rarely,1,8,6,29755,1
36,Single,16,HR,Clerk,Non-Travel,1,19,9,135985,1
41,Married,36,IT,Manager,Travel_Frequently,3,18,6,102553,1
31,Married,13,Finance,Manager,Non-Travel,3,13,5,112376,0
57,Divorced,7,Finance,Clerk,Travel_Frequently,4,1,1,35175,1
56,Married,36,IT,Analyst,Travel_Frequently,2,4,7,83687,1
55,Single,9,IT,Executive,Travel_Frequently,2,19,0,102983,0
39,Married,32,IT,Analyst,Travel_Frequently,3,7,0,64629,0
40,Divorced,11,R&D,Manager,Non-Travel,4,6,5,134779,0
38,Married,8,Finance,Clerk,Non-Travel,3,5,4,86513,0
34,Married,33,Finance,Clerk,Non-Travel,2,10,8,100762,1
35,Married,23,R&D,Analyst,Non-Travel,3,11,6,75941,1
51,Divorced,25,IT,Analyst,Travel_Rarely,2,17,1,61473,0
21,Married,8,HR,Executive,Travel_Frequently,2,18,6,34040,1
23,Married,22,IT,Engineer,Travel_Frequently,2,9,2,87806,0
36,Single,4,IT,Engineer,Travel_Frequently,1,24,0,130076,0
43,Divorced,3,R&D,Executive,Travel_Rarely,1,24,7,73916,1
31,Married,29,Finance,Engineer,Non-Travel,3,20,2,21811,0
32,Divorced,29,IT,Manager,Travel_Frequently,2,13,7,49276,1
30,Married,34,Finance,Engineer,Non-Travel,1,2,6,99049,1
52,Married,34,Sales,Executive,Non-Travel,3,17,1,91062,0
36,Married,28,Finance,Engineer,Travel_Rarely,3,23,0,72499,0
28,Single,13,HR,Clerk,Travel_Rarely,3,14,6,64281,1
58,Single,15,HR,Analyst,Non-Travel,3,5,0,62852,0
32,Single,23,IT,Manager,Travel_Frequently,3,9,5,22595,0
44,Divorced,26,Finance,Clerk,Travel_Frequently,4,11,9,113930,1
48,Divorced,4,IT,Clerk,Travel_Rarely,2,6,9,110676,1
28,Single,26,R&D,Executive,Travel_Rarely,3,16,7,37405,1
48,Divorced,9,HR,Analyst,Travel_Rarely,4,0,6,76122,1
56,Married,5,IT,Analyst,Travel_Rarely,2,17,3,146909,0
46,Married,32,R&D,Manager,Travel_Rarely,1,14,0,21447,1
28,Married,20,IT,Executive,Travel_Rarely,3,18,0,28662,0
48,Single,11,Finance,Manager,Travel_Rarely,4,0,3,76282,1
48,Divorced,15,Finance,Engineer,Travel_Frequently,1,4,4,46582,0
57,Single,32,Finance,Clerk,Travel_Rarely,4,14,6,85471,1
56,Divorced,28,Finance,Manager,Travel_Rarely,2,2,3,141513,0
47,Married,22,Sales,Clerk,Travel_Frequently,2,0,9,125578,1
37,Single,17,R&D,Executive,Travel_Frequently,1,7,0,93871,0
29,Divorced,26,R&D,Engineer,Non-Travel,4,11,9,101205,1
53,Divorced,7,Finance,Executive,Travel_Rarely,3,21,6,92081,1
40,Married,26,Sales,Engineer,Travel_Rarely,3,24,1,123783,0
33,Single,25,Finance,Engineer,Travel_Rarely,1,18,1,101805,0
48,Single,10,Sales,Clerk,Travel_Rarely,1,24,7,142698,1
49,Single,19,Finance,Executive,Non-Travel,1,24,9,28712,1
33,Married,11,HR,Executive,Travel_Frequently,4,11,9,99527,1
55,Single,13,HR,Manager,Travel_Frequently,3,12,9,147453,1
26,Married,8,IT,Executive,Travel_Rarely,3,0,4,144888,1
38,Married,4,Finance,Manager,Travel_Rarely,3,18,9,105185,1
25,Married,31,R&D,Analyst,Travel_Rarely,1,5,1,117851,0
45,Divorced,28,IT,Analyst,Non-Travel,3,7,4,30210,0
22,Single,11,HR,Analyst,Non-Travel,2,3,7,54972,1
30,Single,1,Finance,Executive,Travel_Frequently,1,4,5,52136,0
50,Married,38,IT,Executive,Travel_Rarely,3,24,2,134445,0
25,Married,24,Finance,Manager,Travel_Rarely,4,21,7,33945,1
53,Single,31,HR,Engineer,Travel_Rarely,1,6,8,97180,1
21,Married,26,IT,Manager,Travel_Rarely,2,22,4,88453,0
38,Single,5,HR,Analyst,Non-Travel,2,3,1,103404,0
52,Divorced,20,Sales,Manager,Travel_Frequently,4,19,1,21052,0
31,Married,11,HR,Engineer,Travel_Frequently,4,3,6,45272,1
41,Single,33,Finance,Executive,Non-Travel,1,14,0,59150,0
46,Married,38,R&D,Manager,Travel_Rarely,1,20,9,115095,1
45,Single,27,HR,Analyst,Travel_Frequently,2,4,1,86774,0
42,Single,34,R&D,Analyst,Travel_Frequently,4,23,9,61175,1
47,Married,15,Sales,Executive,Non-Travel,1,8,3,149637,0
33,Divorced,32,IT,Manager,Travel_Rarely,2,1,0,34375,1
53,Single,21,IT,Engineer,Travel_Frequently,4,6,3,43710,0
54,Single,5,R&D,Executive,Travel_Rarely,2,16,9,125026,1
55,Single,6,IT,Manager,Travel_Frequently,3,15,4,45597,0
21,Divorced,38,HR,Clerk,Non-Travel,4,16,8,92289,1
41,Divorced,22,R&D,Analyst,Travel_Rarely,1,19,0,103687,0
26,Married,18,Finance,Engineer,Non-Travel,1,22,4,136968,0
48,Divorced,14,HR,Engineer,Travel_Frequently,3,1,1,58274,1
37,Married,10,HR,Engineer,Non-Travel,4,10,8,66634,1
25,Married,13,HR,Analyst,Non-Travel,2,1,5,48041,1
51,Divorced,31,Finance,Manager,Non-Travel,1,0,1,103365,1
25,Married,30,Sales,Executive,Travel_Frequently,3,1,2,69986,1
58,Divorced,3,IT,Manager,Travel_Rarely,3,22,7,43370,1
23,Married,30,R&D,Executive,Non-Travel,4,8,0,53247,0
43,Divorced,6,Sales,Engineer,Travel_Rarely,4,21,2,142403,0
57,Divorced,29,R&D,Manager,Travel_Frequently,1,1,9,137544,1
57,Married,8,IT,Engineer,Travel_Rarely,3,14,0,149506,0
30,Single,33,Finance,Clerk,Non-Travel,2,9,7,80982,1
30,Married,17,HR,Engineer,Non-Travel,3,14,0,83180,0
39,Divorced,11,HR,Engineer,Non-Travel,2,9,4,126534,0
37,Single,13,Finance,Executive,Non-Travel,2,24,3,42644,0
41,Married,11,Sales,Clerk,Non-Travel,1,22,6,56493,1
34,Married,31,Sales,Engineer,Non-Travel,3,16,4,101824,0
29,Married,28,R&D,Engineer,Travel_Frequently,2,8,7,65289,1
21,Single,6,Finance,Clerk,Travel_Frequently,4,17,0,53481,0
33,Divorced,16,Sales,Clerk,Travel_Frequently,2,3,4,95097,0
24,Married,4,Finance,Manager,Travel_Rarely,4,8,3,40578,0
21,Married,35,IT,Executive,Travel_Rarely,4,15,2,90048,0
52,Married,26,HR,Clerk,Travel_Frequently,3,3,4,113737,0
54,Married,12,HR,Clerk,Travel_Rarely,4,15,9,36687,1
48,Married,11,HR,Analyst,Travel_Rarely,2,18,2,140540,0
51,Divorced,37,Finance,Clerk,Non-Travel,4,0,7,48183,1
28,Divorced,25,Finance,Executive,Non-Travel,3,22,2,38758,0
59,Married,18,R&D,Engineer,Travel_Rarely,1,5,0,114368,0
46,Single,19,HR,Engineer,Travel_Rarely,2,9,8,63891,1
54,Divorced,23,R&D,Engineer,Travel_Frequently,2,15,8,64901,1
23,Single,38,HR,Engineer,Travel_Rarely,3,3,5,121912,0
32,Divorced,18,R&D,Analyst,Non-Travel,3,21,9,89062,1
21,Married,26,R&D,Clerk,Travel_Rarely,3,21,0,90008,0
25,Divorced,6,IT,Engineer,Travel_Frequently,3,12,7,35974,1
50,Married,4,R&D,Manager,Non-Travel,2,15,1,98591,0
50,Divorced,29,Finance,Engineer,Non-Travel,1,19,8,36615,1
37,Married,34,R&D,Clerk,Non-Travel,4,5,7,40838,1
43,Married,17,HR,Engineer,Non-Travel,4,10,2,58728,0
35,Married,16,R&D,Analyst,Travel_Rarely,1,23,4,134249,0
57,Married,2,Sales,Executive,Travel_Frequently,1,2,8,96000,1
41,Single,34,HR,Executive,Travel_Rarely,1,19,0,70798,0
34,Married,8,Sales,Clerk,Travel_Rarely,3,9,8,28248,1
22,Single,13,HR,Executive,Non-Travel,2,0,3,63291,1
31,Single,8,Finance,Executive,Travel_Frequently,2,19,3,100629,0
59,Married,30,Finance,Manager,Non-Travel,2,10,3,143612,0
58,Single,32,Finance,Clerk,Travel_Rarely,3,11,9,35177,1
54,Divorced,36,Sales,Clerk,Travel_Rarely,2,13,8,61815,1
58,Married,30,IT,Executive,Non-Travel,3,24,5,56533,0
54,Single,1,HR,Executive,Travel_Rarely,2,7,7,18026,1
38,Married,39,Finance,Executive,Travel_Rarely,1,10,3,122997,0
50,Married,17,HR,Analyst,Non-Travel,4,3,2,78611,0
35,Married,20,Sales,Engineer,Travel_Rarely,4,6,0,105242,0
47,Single,24,IT,Analyst,Travel_Frequently,3,9,9,122913,1
54,Divorced,22,Sales,Clerk,Non-Travel,2,18,6,60082,1
58,Divorced,29,HR,Manager,Travel_Frequently,4,24,3,121613,0
53,Single,22,IT,Engineer,Travel_Rarely,1,3,7,116315,1
44,Married,9,IT,Manager,Travel_Rarely,1,1,2,107690,1
35,Single,37,Sales,Clerk,Non-Travel,1,20,0,113220,0
50,Single,10,Finance,Clerk,Travel_Rarely,3,17,4,33389,0
37,Single,36,HR,Manager,Non-Travel,3,13,1,109860,0
25,Married,37,R&D,Manager,Non-Travel,2,15,2,39797,1
49,Single,28,R&D,Manager,Non-Travel,1,21,5,129975,0
24,Married,28,Sales,Clerk,Non-Travel,2,10,2,115169,0
30,Single,21,HR,Executive,Non-Travel,2,9,2,84332,0
37,Divorced,24,HR,Manager,Travel_Frequently,1,16,5,41696,0
30,Single,2,Sales,Engineer,Non-Travel,2,13,4,20024,1
37,Single,8,HR,Clerk,Travel_Frequently,4,21,9,108998,1
40,Divorced,27,Finance,Analyst,Travel_Rarely,3,3,8,23285,1
44,Married,22,Sales,Analyst,Non-Travel,2,18,0,25370,1
25,Married,37,Finance,Engineer,Travel_Rarely,1,1,2,35903,1
54,Single,27,HR,Executive,Non-Travel,3,6,2,115904,0
26,Divorced,29,Sales,Manager,Travel_Frequently,3,8,5,40995,0
22,Married,3,HR,Clerk,Travel_Frequently,2,18,7,123160,1
33,Single,13,Sales,Manager,Travel_Frequently,4,15,2,106377,0
31,Divorced,10,HR,Clerk,Travel_Rarely,2,21,2,55822,0
43,Married,36,Finance,Analyst,Non-Travel,4,24,5,125412,0
36,Married,9,Finance,Manager,Travel_Rarely,3,15,7,69222,1
51,Divorced,27,HR,Engineer,Travel_Frequently,2,17,5,112088,0
31,Divorced,34,Sales,Executive,Travel_Rarely,1,22,9,108450,1
36,Divorced,1,R&D,Engineer,Travel_Frequently,2,20,2,127366,0
28,Divorced,32,Finance,Executive,Travel_Frequently,4,20,3,128078,0
24,Single,25,Finance,Manager,Travel_Frequently,4,10,0,81853,0
24,Divorced,29,R&D,Manager,Non-Travel,2,6,7,141794,1
45,Married,7,HR,Executive,Non-Travel,4,8,3,70442,0
23,Married,3,Sales,Analyst,Travel_Frequently,3,3,5,27675,0
52,Single,20,HR,Clerk,Travel_Rarely,2,24,2,107590,0
23,Married,20,IT,Engineer,Travel_Rarely,4,12,5,126570,0
47,Married,30,Finance,Engineer,Non-Travel,2,24,8,49661,1
49,Divorced,35,IT,Engineer,Travel_Frequently,2,3,8,82289,1
52,Married,35,Finance,Manager,Travel_Rarely,1,18,9,35184,1
39,Single,39,Finance,Engineer,Travel_Frequently,2,1,2,65963,1
41,Divorced,27,IT,Clerk,Travel_Rarely,1,8,2,23267,1
25,Divorced,26,IT,Clerk,Non-Travel,4,11,3,80814,0
38,Single,14,HR,Executive,Travel_Frequently,1,1,6,54025,1
48,Divorced,17,IT,Manager,Travel_Frequently,1,5,2,139246,0
42,Divorced,18,HR,Clerk,Travel_Rarely,1,4,9,95605,1
41,Single,29,HR,Analyst,Travel_Rarely,3,4,7,61436,1
26,Divorced,20,HR,Manager,Travel_Rarely,1,19,7,95192,1
21,Single,27,Finance,Manager,Travel_Frequently,2,21,5,138591,0
25,Single,18,Finance,Clerk,Non-Travel,1,4,3,102511,0
32,Married,4,IT,Analyst,Non-Travel,2,3,4,27665,1
46,Married,1,Finance,Executive,Travel_Rarely,1,8,1,109277,0
54,Divorced,1,IT,Clerk,Non-Travel,3,21,5,70474,0
34,Divorced,26,Finance,Analyst,Travel_Rarely,4,9,2,93911,0
46,Single,20,Sales,Manager,Non-Travel,1,15,5,110643,0
47,Divorced,23,Sales,Analyst,Travel_Frequently,1,9,4,48484,0
29,Single,10,IT,Manager,Travel_Rarely,3,9,1,119165,0
46,Single,11,Finance,Clerk,Non-Travel,1,18,4,43835,0
42,Divorced,5,Finance,Clerk,Travel_Frequently,2,9,4,114453,0
50,Single,1,HR,Engineer,Non-Travel,1,5,8,71790,1
37,Married,17,R&D,Engineer,Travel_Frequently,1,16,7,27643,1
46,Divorced,22,IT,Engineer,Travel_Frequently,4,4,6,93846,1
56,Married,34,R&D,Clerk,Non-Travel,4,5,2,31200,0
21,Divorced,29,R&D,Executive,Non-Travel,1,23,9,70275,1
28,Single,4,IT,Clerk,Travel_Frequently,3,14,3,107001,0
55,Divorced,5,Finance,Analyst,Travel_Frequently,4,24,5,60448,0
35,Married,11,IT,Clerk,Travel_Frequently,1,18,2,109685,0
42,Single,21,R&D,Clerk,Travel_Rarely,4,17,8,28619,1
34,Divorced,35,Finance,Manager,Travel_Frequently,1,3,7,123454,1
46,Divorced,12,Sales,Manager,Travel_Rarely,4,7,5,19766,0
48,Divorced,26,IT,Manager,Travel_Frequently,4,15,3,21549,0
43,Married,19,IT,Clerk,Travel_Rarely,2,23,6,125938,1
34,Married,7,Finance,Executive,Travel_Frequently,1,18,2,145673,0
44,Divorced,7,Sales,Analyst,Travel_Frequently,1,19,9,66328,1
22,Single,26,Sales,Analyst,Travel_Frequently,1,2,7,43301,1
46,Single,5,Finance,Executive,Non-Travel,1,9,0,62763,0
34,Married,21,HR,Executive,Non-Travel,4,1,2,62787,1
27,Single,14,IT,Analyst,Travel_Frequently,2,3,4,138675,0
23,Married,4,IT,Engineer,Travel_Rarely,2,5,4,25425,1
43,Divorced,23,R&D,Manager,Travel_Rarely,3,10,9,30857,1
38,Married,20,Finance,Manager,Travel_Frequently,1,13,1,110999,0
58,Married,15,R&D,Analyst,Non-Travel,3,15,9,59457,1
55,Divorced,29,R&D,Executive,Travel_Rarely,4,20,7,149776,1
35,Single,8,Sales,Engineer,Non-Travel,3,18,4,23452,0
45,Married,19,IT,Analyst,Travel_Rarely,1,1,6,129153,1
57,Married,39,R&D,Manager,Travel_Frequently,2,24,6,56862,1
48,Divorced,28,Sales,Clerk,Non-Travel,2,16,4,36300,1
30,Single,27,Finance,Executive,Travel_Rarely,1,8,7,19845,1
59,Married,4,R&D,Clerk,Travel_Frequently,4,16,8,137342,1
37,Divorced,15,IT,Analyst,Travel_Frequently,1,14,3,57181,0
59,Married,35,R&D,Manager,Travel_Frequently,4,6,3,52404,0
42,Divorced,37,Finance,Engineer,Non-Travel,2,21,7,40564,1
46,Single,1,R&D,Clerk,Non-Travel,4,22,0,115898,0
45,Single,3,IT,Engineer,Travel_Frequently,1,18,3,36227,1
37,Single,24,Sales,Manager,Non-Travel,1,2,5,113259,0
33,Single,27,IT,Clerk,Travel_Rarely,1,0,3,142451,1
40,Married,36,Sales,Engineer,Travel_Frequently,4,3,5,35215,0
45,Married,34,HR,Engineer,Travel_Frequently,4,17,4,148577,0
24,Single,29,IT,Clerk,Non-Travel,4,7,8,89074,1
30,Single,24,IT,Manager,Travel_Frequently,2,18,9,126621,1
23,Single,24,Finance,Engineer,Travel_Rarely,3,22,8,124759,1
38,Married,4,R&D,Analyst,Non-Travel,3,22,3,146471,0
56,Single,3,Sales,Clerk,Non-Travel,1,24,3,39711,1
42,Single,34,Sales,Executive,Travel_Frequently,2,5,7,66398,1
54,Single,23,Finance,Executive,Travel_Frequently,4,0,9,19286,1
28,Divorced,23,Finance,Manager,Travel_Frequently,1,7,3,126304,0
39,Single,5,R&D,Analyst,Non-Travel,2,0,1,122959,1
57,Divorced,31,R&D,Engineer,Travel_Frequently,1,18,1,77967,0
26,Divorced,6,IT,Executive,Travel_Rarely,2,10,0,115803,0
46,Single,37,HR,Manager,Travel_Frequently,2,20,4,147745,0
54,Divorced,10,R&D,Analyst,Travel_Frequently,3,23,5,72583,0
26,Single,7,Finance,Analyst,Non-Travel,1,24,8,142077,1
57,Married,39,R&D,Manager,Travel_Frequently,4,14,4,129359,0
53,Married,38,Sales,Manager,Non-Travel,3,22,5,45086,0
42,Married,21,HR,Engineer,Travel_Frequently,3,24,5,122132,0
41,Married,20,IT,Manager,Travel_Rarely,4,10,2,77263,0
26,Divorced,3,Sales,Engineer,Travel_Rarely,2,18,3,138155,0
26,Single,22,Sales,Engineer,Non-Travel,4,20,0,78664,0
24,Single,4,HR,Clerk,Non-Travel,1,9,3,138474,0
50,Single,28,IT,Analyst,Travel_Frequently,4,23,0,94968,0
31,Married,12,Finance,Analyst,Travel_Frequently,2,11,4,85804,0
50,Married,38,IT,Analyst,Travel_Rarely,4,0,7,56400,1
51,Single,36,R&D,Clerk,Travel_Frequently,2,23,7,46088,1
44,Married,5,Sales,Engineer,Travel_Rarely,2,6,4,105893,0
29,Single,13,R&D,Engineer,Non-Travel,1,16,9,23969,1
23,Single,23,Finance,Manager,Travel_Frequently,4,9,1,26981,0
51,Single,30,R&D,Clerk,Non-Travel,4,5,5,72091,0
57,Single,37,IT,Manager,Travel_Frequently,1,16,0,125154,0
56,Single,25,R&D,Clerk,Travel_Rarely,2,17,6,42408,1
44,Single,27,Finance,Manager,Non-Travel,4,4,3,65940,0
51,Single,14,Finance,Executive,Non-Travel,1,17,4,21657,1
26,Married,36,Finance,Analyst,Travel_Frequently,2,16,5,39230,1
22,Single,39,IT,Analyst,Non-Travel,1,21,0,102731,0
40,Single,16,Finance,Engineer,Travel_Rarely,4,15,8,22329,1
48,Married,22,Sales,Executive,Non-Travel,1,7,9,53865,1
31,Married,21,Finance,Analyst,Non-Travel,3,23,3,55869,0
24,Married,21,R&D,Engineer,Travel_Frequently,2,12,7,138185,1
35,Single,8,R&D,Executive,Non-Travel,3,23,4,101984,0
26,Divorced,16,R&D,Analyst,Travel_Frequently,3,15,7,143172,1
50,Divorced,31,IT,Manager,Travel_Frequently,2,10,0,119069,0
58,Married,10,R&D,Clerk,Non-Travel,2,5,7,107711,1
22,Divorced,32,IT,Executive,Travel_Rarely,1,2,3,84252,0
35,Married,34,IT,Engineer,Travel_Frequently,2,0,1,97386,1
31,Single,9,Finance,Executive,Non-Travel,3,17,5,136728,0
28,Divorced,17,Sales,Engineer,Travel_Frequently,3,4,1,43801,0
46,Single,11,Finance,Executive,Travel_Rarely,4,12,4,108709,0
25,Divorced,32,Finance,Engineer,Travel_Rarely,2,9,1,71270,0
26,Single,10,IT,Analyst,Travel_Frequently,3,4,2,73535,0
46,Divorced,22,IT,Manager,Travel_Rarely,4,13,5,34220,0
24,Single,17,R&D,Analyst,Non-Travel,4,16,0,31392,0
39,Single,4,R&D,Manager,Non-Travel,1,0,5,38010,1
40,Divorced,25,Finance,Analyst,Travel_Frequently,3,24,2,144951,0
53,Single,21,HR,Analyst,Travel_Rarely,1,1,6,86358,1
40,Single,37,HR,Executive,Non-Travel,3,6,1,114190,0
32,Single,38,R&D,Clerk,Non-Travel,1,9,5,133795,0
21,Divorced,1,HR,Engineer,Non-Travel,1,19,7,140790,1
46,Divorced,25,R&D,Engineer,Travel_Frequently,2,6,0,143223,0
34,Single,36,IT,Engineer,Travel_Frequently,1,23,8,93205,1
58,Single,17,Finance,Manager,Non-Travel,2,15,4,19082,1
57,Divorced,24,Sales,Engineer,Non-Travel,4,4,4,93093,0
31,Divorced,2,Finance,Engineer,Travel_Rarely,3,11,4,69952,0
56,Single,15,R&D,Executive,Travel_Rarely,4,16,5,54719,0
33,Single,32,R&D,Analyst,Travel_Rarely,3,15,1,66737,0
23,Single,39,Finance,Engineer,Travel_Frequently,4,19,5,125271,0
53,Married,6,R&D,Clerk,Non-Travel,3,15,3,85839,0
26,Divorced,1,HR,Engineer,Travel_Frequently,1,18,7,65931,1
30,Married,23,HR,Manager,Non-Travel,3,14,8,57925,1
25,Divorced,39,R&D,Manager,Travel_Rarely,3,11,8,105745,1
43,Divorced,17,R&D,Manager,Travel_Rarely,4,20,7,144298,1
30,Divorced,34,HR,Engineer,Travel_Rarely,4,9,2,111709,0
22,Divorced,29,R&D,Executive,Travel_Rarely,4,21,9,60287,1
33,Divorced,9,R&D,Clerk,Non-Travel,2,1,3,125252,1
22,Divorced,13,Finance,Engineer,Travel_Rarely,2,6,0,127323,0
40,Divorced,6,Sales,Executive,Non-Travel,3,12,8,30803,1
21,Married,6,HR,Executive,Non-Travel,3,2,4,136819,0
57,Single,20,Finance,Engineer,Travel_Frequently,1,14,5,111361,0
29,Single,3,Sales,Engineer,Travel_Rarely,1,0,2,31698,1
37,Married,17,R&D,Executive,Travel_Rarely,3,2,9,33376,1
29,Married,12,R&D,Executive,Travel_Frequently,2,24,7,31117,1
31,Married,1,Finance,Executive,Non-Travel,3,9,6,66786,1
35,Married,17,R&D,Engineer,Travel_Rarely,1,14,0,131005,0
44,Divorced,3,IT,Executive,Non-Travel,2,21,9,84480,1
58,Single,26,Finance,Manager,Travel_Frequently,2,5,4,71233,0
55,Divorced,15,Sales,Engineer,Non-Travel,1,19,9,129022,1
50,Single,36,Finance,Manager,Travel_Rarely,3,14,8,110529,1
51,Single,32,HR,Analyst,Non-Travel,4,23,5,118919,0
25,Married,32,Finance,Engineer,Non-Travel,3,20,7,101533,1
34,Divorced,4,R&D,Analyst,Travel_Rarely,3,6,9,87407,1
31,Married,18,R&D,Executive,Travel_Rarely,1,24,0,91809,0
29,Divorced,19,IT,Executive,Non-Travel,2,20,9,35229,1
54,Single,35,IT,Clerk,Non-Travel,1,4,6,60176,1
32,Married,14,IT,Executive,Travel_Frequently,3,3,2,112825,0
55,Married,33,Sales,Analyst,Travel_Rarely,4,21,8,115555,1
55,Single,14,IT,Executive,Non-Travel,4,17,5,21145,0
21,Single,34,Sales,Engineer,Travel_Rarely,4,2,4,115289,0
42,Single,4,IT,Executive,Travel_Frequently,1,16,7,20263,1
49,Married,24,Sales,Clerk,Non-Travel,2,17,7,75788,1
28,Divorced,29,Finance,Executive,Non-Travel,1,17,2,149994,0
31,Married,19,Finance,Analyst,Non-Travel,4,23,1,63344,0
57,Divorced,6,R&D,Analyst,Travel_Rarely,3,23,1,140819,0
34,Married,33,Sales,Executive,Travel_Frequently,2,1,4,91352,1
50,Married,19,HR,Analyst,Travel_Rarely,1,12,9,58324,1
55,Single,1,R&D,Analyst,Non-Travel,1,21,6,112075,1
41,Divorced,5,Finance,Clerk,Travel_Frequently,2,14,7,95169,1
57,Married,27,Sales,Engineer,Non-Travel,2,4,9,41384,1
25,Married,16,IT,Clerk,Non-Travel,3,2,7,21512,1
39,Single,6,HR,Manager,Travel_Rarely,2,4,7,141775,1
34,Single,13,Finance,Clerk,Non-Travel,3,4,9,96743,1
46,Divorced,35,R&D,Executive,Travel_Frequently,4,4,2,103642,0
24,Married,19,Sales,Engineer,Non-Travel,4,2,1,147587,0
45,Divorced,12,HR,Executive,Non-Travel,1,2,3,97858,0
45,Married,16,Sales,Manager,Travel_Rarely,4,19,0,72800,0
38,Divorced,10,IT,Engineer,Travel_Frequently,4,22,2,118364,0
28,Single,25,R&D,Analyst,Travel_Rarely,3,17,8,20387,1
59,Married,20,Sales,Clerk,Non-Travel,1,19,6,137095,1
34,Divorced,31,Finance,Executive,Travel_Rarely,2,3,6,53548,1
52,Single,4,R&D,Manager,Travel_Rarely,1,0,0,108450,1
58,Single,23,Finance,Analyst,Travel_Rarely,4,15,6,123669,1
53,Divorced,2,Sales,Clerk,Travel_Rarely,2,7,9,98171,1
43,Married,22,R&D,Analyst,Non-Travel,1,16,6,63414,1
35,Married,37,Finance,Clerk,Non-Travel,1,7,3,91071,0
53,Single,8,IT,Engineer,Travel_Frequently,1,6,6,130808,1
45,Married,7,IT,Analyst,Travel_Rarely,1,24,7,96591,1
37,Married,14,Sales,Analyst,Travel_Rarely,3,7,2,22297,0
53,Married,3,R&D,Analyst,Travel_Frequently,1,20,9,127513,1
22,Single,16,HR,Engineer,Travel_Rarely,4,23,1,146668,0
34,Divorced,19,R&D,Manager,Travel_Frequently,4,11,6,104479,1
59,Married,18,IT,Clerk,Non-Travel,3,15,4,116752,0
26,Single,16,Finance,Analyst,Travel_Frequently,2,11,4,133481,0
26,Single,8,HR,Engineer,Travel_Rarely,2,18,4,85156,0
23,Divorced,33,Sales,Manager,Travel_Frequently,4,9,6,78263,1
27,Married,12,HR,Clerk,Non-Travel,4,6,8,136996,1
28,Married,11,Sales,Engineer,Travel_Rarely,3,11,7,117252,1
35,Divorced,5,HR,Clerk,Non-Travel,2,19,5,136632,0
49,Divorced,27,Sales,Analyst,Non-Travel,2,4,6,92855,1
53,Single,12,Sales,Manager,Travel_Frequently,1,15,8,34575,1
50,Single,17,HR,Engineer,Non-Travel,1,8,5,30204,1
59,Divorced,6,HR,Manager,Travel_Rarely,1,6,0,29952,1
47,Married,33,Sales,Analyst,Non-Travel,3,19,3,101323,0
56,Single,5,IT,Manager,Non-Travel,4,21,7,44437,1
49,Single,28,HR,Manager,Travel_Frequently,3,13,6,145129,1
58,Married,14,R&D,Executive,Non-Travel,2,10,2,105681,0
53,Single,5,Finance,Manager,Travel_Frequently,4,6,9,25903,1
57,Married,33,Sales,Clerk,Travel_Frequently,1,9,2,44863,0
47,Married,19,Sales,Engineer,Travel_Rarely,3,8,2,61381,0
53,Married,22,Finance,Executive,Travel_Rarely,3,3,0,46548,0
24,Divorced,5,IT,Engineer,Travel_Rarely,1,15,9,29467,1
42,Divorced,2,Finance,Engineer,Travel_Rarely,3,9,0,75954,0
22,Divorced,30,HR,Analyst,Travel_Frequently,1,18,5,41901,0
30,Married,39,Finance,Analyst,Non-Travel,2,23,0,41301,0
25,Married,4,Sales,Executive,Travel_Rarely,4,16,4,142686,0
30,Divorced,33,Finance,Analyst,Travel_Rarely,2,8,3,103180,0
53,Single,13,R&D,Analyst,Travel_Rarely,2,12,4,87903,0
58,Married,20,HR,Analyst,Non-Travel,1,0,6,121955,1
33,Single,7,Finance,Engineer,Travel_Rarely,3,1,5,37755,1
51,Single,15,Sales,Executive,Non-Travel,2,12,8,77817,1
56,Married,23,HR,Engineer,Travel_Frequently,2,23,5,20093,1
44,Married,14,Sales,Clerk,Travel_Frequently,2,8,8,114319,1
35,Single,23,IT,Engineer,Travel_Frequently,3,6,3,40940,0
49,Single,19,R&D,Clerk,Non-Travel,3,15,0,146714,0
28,Divorced,29,IT,Manager,Travel_Rarely,1,18,0,109544,0
25,Divorced,20,R&D,Manager,Travel_Rarely,2,6,9,102437,1
49,Married,29,Finance,Clerk,Travel_Rarely,4,5,6,110969,1
24,Divorced,24,HR,Clerk,Travel_Rarely,3,17,2,125001,0
32,Divorced,18,Finance,Engineer,Travel_Rarely,1,18,1,105725,0
22,Divorced,10,R&D,Clerk,Non-Travel,2,10,5,133784,0
47,Divorced,8,R&D,Executive,Travel_Frequently,4,11,5,128675,0
51,Single,26,R&D,Manager,Travel_Rarely,3,9,6,112266,1
56,Married,29,Sales,Manager,Travel_Frequently,4,12,4,27236,0
56,Divorced,10,HR,Clerk,Non-Travel,3,11,7,90597,1
46,Single,17,Finance,Analyst,Non-Travel,1,20,6,117656,1
47,Single,2,Finance,Analyst,Travel_Rarely,4,9,1,52364,0
25,Single,6,IT,Clerk,Non-Travel,2,19,0,125071,0
40,Divorced,5,R&D,Executive,Travel_Frequently,2,17,8,112410,1
31,Divorced,28,R&D,Analyst,Travel_Rarely,3,3,4,76473,0
30,Married,5,R&D,Clerk,Travel_Rarely,2,23,4,62153,0
58,Divorced,18,Finance,Executive,Travel_Frequently,4,4,9,56502,1
26,Divorced,26,IT,Executive,Travel_Rarely,1,4,3,33675,1
28,Single,20,Sales,Engineer,Travel_Rarely,3,11,1,136384,0
43,Married,27,HR,Executive,Travel_Frequently,4,2,4,96229,0
46,Divorced,12,Sales,Analyst,Travel_Rarely,3,7,1,107049,0
32,Divorced,7,Finance,Analyst,Travel_Rarely,1,21,6,107157,1
46,Single,3,R&D,Clerk,Travel_Frequently,3,1,8,123711,1
33,Single,10,HR,Clerk,Non-Travel,2,17,8,128090,1
38,Divorced,34,Finance,Executive,Travel_Frequently,2,8,5,111321,0
45,Married,25,Finance,Manager,Travel_Rarely,3,12,0,44465,0
53,Married,35,Finance,Engineer,Travel_Frequently,1,6,5,50286,0
32,Single,16,HR,Manager,Travel_Rarely,1,9,4,72795,0
56,Single,2,HR,Executive,Travel_Rarely,2,8,3,126139,0
24,Divorced,24,IT,Executive,Travel_Frequently,1,21,5,121845,0
25,Single,10,IT,Manager,Travel_Rarely,3,14,5,67986,0
57,Divorced,38,Sales,Engineer,Non-Travel,4,4,5,93396,0
28,Married,22,HR,Manager,Travel_Rarely,3,11,1,73178,0
48,Married,26,HR,Clerk,Travel_Frequently,2,0,6,28745,1
51,Divorced,39,HR,Analyst,Non-Travel,2,11,3,97637,0
29,Single,27,IT,Clerk,Non-Travel,2,21,8,66566,1
49,Married,29,Finance,Analyst,Travel_Rarely,1,5,9,61722,1
34,Single,38,R&D,Executive,Travel_Frequently,3,18,1,104623,0
42,Married,20,IT,Engineer,Travel_Rarely,4,18,4,129074,0
31,Divorced,27,HR,Manager,Travel_Rarely,3,15,3,92974,0
43,Divorced,20,IT,Engineer,Travel_Frequently,4,18,8,102084,1
21,Divorced,19,Sales,Manager,Travel_Frequently,3,2,3,135353,0
57,Married,20,HR,Clerk,Travel_Rarely,2,22,7,122417,1
41,Single,35,Sales,Clerk,Non-Travel,4,9,7,86099,1
46,Single,2,HR,Manager,Travel_Rarely,3,17,5,43107,0
56,Single,30,IT,Engineer,Non-Travel,1,12,5,71839,0
43,Married,34,Finance,Manager,Travel_Rarely,1,17,7,107241,1
21,Married,22,R&D,Executive,Travel_Frequently,3,2,9,41397,1
35,Married,3,Sales,Clerk,Non-Travel,2,22,8,25704,1
41,Married,6,IT,Executive,Travel_Frequently,4,2,4,34442,0
29,Married,15,Finance,Clerk,Travel_Frequently,3,22,0,147576,0
29,Single,27,IT,Clerk,Travel_Frequently,1,24,0,27765,1
30,Married,10,Sales,Analyst,Travel_Frequently,4,11,1,133828,0
46,Married,9,R&D,Executive,Travel_Frequently,1,19,9,28002,1
55,Single,33,IT,Executive,Travel_Rarely,1,6,9,29390,1
45,Married,32,HR,Analyst,Non-Travel,3,24,4,24641,0
46,Single,6,Finance,Engineer,Travel_Rarely,1,23,3,129119,0
31,Single,36,IT,Executive,Travel_Rarely,4,7,0,33624,0
58,Divorced,2,Finance,Manager,Travel_Rarely,2,8,3,27966,1
22,Divorced,29,HR,Analyst,Travel_Frequently,3,13,3,89301,0
27,Divorced,4,R&D,Executive,Travel_Rarely,4,4,9,133123,1
38,Divorced,1,R&D,Engineer,Non-Travel,3,20,3,96183,0
47,Married,19,HR,Executive,Travel_Rarely,1,18,0,22959,1
54,Divorced,26,Finance,Clerk,Travel_Frequently,1,20,8,68802,1
47,Single,25,IT,Manager,Non-Travel,4,15,2,142125,0
37,Married,10,HR,Analyst,Non-Travel,4,23,3,141795,0
44,Divorced,15,Sales,Clerk,Non-Travel,2,11,4,45215,0
45,Single,22,Finance,Engineer,Non-Travel,4,20,6,73046,1
27,Married,21,R&D,Clerk,Travel_Rarely,4,3,5,112593,0
26,Married,22,HR,Clerk,Travel_Frequently,3,7,4,97036,0
44,Divorced,36,R&D,Engineer,Non-Travel,1,6,7,127864,1
53,Married,34,Finance,Clerk,Non-Travel,4,14,0,138333,0
49,Single,30,R&D,Analyst,Travel_Frequently,2,5,6,34772,1
42,Married,25,HR,Executive,Travel_Rarely,4,4,5,69943,0
46,Single,28,Finance,Clerk,Non-Travel,1,13,4,86868,0
48,Married,1,Sales,Analyst,Travel_Rarely,4,20,6,67855,1
41,Divorced,4,HR,Executive,Travel_Rarely,3,12,2,119124,0
27,Single,7,IT,Executive,Travel_Rarely,1,9,0,75205,0
37,Married,9,HR,Clerk,Travel_Rarely,4,17,8,43874,1
40,Married,36,Finance,Analyst,Non-Travel,3,3,1,149007,0
40,Married,19,HR,Clerk,Non-Travel,1,7,9,19301,1
42,Single,1,Sales,Engineer,Travel_Rarely,4,23,2,76017,0
48,Single,10,Sales,Executive,Travel_Rarely,3,10,7,61319,1
27,Single,36,IT,Clerk,Travel_Frequently,2,16,9,40455,1
21,Divorced,9,R&D,Executive,Travel_Frequently,3,17,8,75033,1
52,Divorced,32,Finance,Analyst,Travel_Frequently,2,20,2,124924,0
33,Single,32,Finance,Manager,Non-Travel,4,24,5,50735,0
50,Married,6,R&D,Clerk,Travel_Frequently,3,10,6,90781,1
43,Divorced,38,Sales,Clerk,Non-Travel,2,15,0,144031,0
39,Single,17,Sales,Executive,Non-Travel,1,11,6,146305,1
52,Married,10,HR,Analyst,Non-Travel,3,12,3,126049,0
50,Divorced,27,IT,Engineer,Non-Travel,4,15,4,23630,0
49,Married,35,IT,Analyst,Travel_Frequently,1,22,7,83488,1
49,Married,21,IT,Clerk,Travel_Rarely,2,20,3,74289,0
50,Married,25,HR,Engineer,Travel_Rarely,3,0,3,36953,1
36,Married,28,IT,Analyst,Travel_Rarely,3,15,7,118932,1
39,Divorced,15,R&D,Manager,Travel_Frequently,4,14,4,96930,0
38,Divorced,4,HR,Executive,Travel_Rarely,1,5,5,19067,1
21,Divorced,29,R&D,Analyst,Travel_Frequently,3,11,4,68658,0
34,Single,9,HR,Analyst,Travel_Frequently,3,7,0,70165,0
22,Divorced,27,IT,Manager,Travel_Frequently,1,6,6,98781,1
48,Married,26,R&D,Clerk,Travel_Rarely,3,1,5,47164,1
50,Divorced,19,R&D,Executive,Travel_Rarely,1,11,1,122946,0
58,Married,28,R&D,Analyst,Travel_Rarely,1,20,6,145580,1
24,Single,17,HR,Engineer,Non-Travel,1,13,5,117251,0
21,Married,20,Finance,Analyst,Travel_Frequently,4,15,4,38773,0
28,Married,39,IT,Executive,Non-Travel,1,10,7,51939,1
49,Married,23,R&D,Analyst,Travel_Frequently,1,19,4,116475,0
59,Single,32,Finance,Manager,Travel_Rarely,2,8,1,30818,1
23,Divorced,33,IT,Analyst,Travel_Frequently,2,9,5,27335,1
52,Divorced,5,IT,Analyst,Travel_Frequently,4,16,0,73008,0
30,Single,34,R&D,Engineer,Non-Travel,1,11,4,89745,0
30,Married,11,R&D,Manager,Travel_Frequently,2,5,5,21577,1
39,Divorced,3,HR,Manager,Travel_Rarely,2,18,6,91916,1
54,Single,33,Finance,Analyst,Travel_Frequently,3,10,1,77314,0
53,Divorced,11,Finance,Engineer,Travel_Frequently,1,8,0,59205,0
43,Single,16,R&D,Analyst,Travel_Frequently,2,20,5,131583,0
48,Married,18,IT,Analyst,Non-Travel,4,5,2,102715,0
52,Divorced,30,R&D,Executive,Travel_Frequently,3,24,4,74680,0
27,Single,10,IT,Executive,Travel_Frequently,3,24,1,46400,0
49,Divorced,18,IT,Engineer,Non-Travel,1,23,0,125345,0
28,Divorced,38,R&D,Clerk,Non-Travel,1,24,0,105110,0
21,Divorced,19,Sales,Executive,Non-Travel,3,15,3,138120,0
23,Divorced,36,Finance,Clerk,Non-Travel,4,19,9,46562,1
44,Single,13,IT,Manager,Travel_Rarely,1,15,1,36510,1
43,Married,3,IT,Executive,Travel_Rarely,1,5,0,79608,0
28,Single,10,Sales,Executive,Travel_Frequently,3,4,5,70182,0
57,Single,38,HR,Engineer,Travel_Rarely,3,20,3,44883,0
23,Single,1,Sales,Clerk,Travel_Frequently,1,3,9,29094,1
53,Married,27,Sales,Executive,Travel_Rarely,2,1,6,30644,1
48,Divorced,8,IT,Executive,Non-Travel,1,5,5,103834,0
28,Divorced,17,Finance,Engineer,Non-Travel,2,8,4,126982,0
54,Divorced,9,Sales,Engineer,Travel_Rarely,3,16,9,70748,1
55,Married,6,HR,Clerk,Travel_Rarely,2,13,1,77021,0
52,Divorced,25,R&D,Manager,Travel_Frequently,4,6,4,80651,0
44,Married,39,Sales,Manager,Travel_Frequently,3,21,8,54807,1
34,Divorced,28,Sales,Analyst,Travel_Frequently,1,18,8,46669,1
52,Divorced,33,HR,Executive,Non-Travel,1,0,1,44539,1
36,Single,37,Finance,Clerk,Non-Travel,3,19,6,35745,1
24,Married,9,Sales,Executive,Non-Travel,3,24,9,52555,1
57,Single,18,Sales,Clerk,Non-Travel,4,14,3,50683,0
41,Single,21,Finance,Clerk,Travel_Frequently,3,17,2,43741,0
34,Single,2,HR,Clerk,Non-Travel,1,2,0,21599,1
51,Married,38,Sales,Executive,Non-Travel,4,17,2,146513,0
38,Married,36,Finance,Engineer,Non-Travel,1,1,8,45293,1
27,Divorced,37,Sales,Executive,Non-Travel,2,9,8,33389,1
30,Single,15,R&D,Clerk,Travel_Rarely,3,10,6,30318,1
27,Divorced,28,IT,Analyst,Travel_Frequently,2,23,2,21055,1
53,Single,18,R&D,Manager,Travel_Frequently,1,2,2,139164,0
43,Married,34,Sales,Clerk,Non-Travel,2,6,3,100579,0
41,Married,22,HR,Analyst,Travel_Rarely,2,7,6,122817,1
39,Married,11,IT,Engineer,Travel_Frequently,1,18,6,22642,1
39,Single,13,R&D,Clerk,Travel_Frequently,1,17,1,27321,1
56,Married,4,Finance,Analyst,Non-Travel,3,12,4,97968,0
49,Single,22,HR,Clerk,Non-Travel,2,12,6,120770,1
38,Divorced,7,R&D,Executive,Travel_Frequently,4,23,6,127762,1
22,Single,24,Finance,Analyst,Travel_Frequently,4,18,5,132183,0
21,Divorced,4,Sales,Executive,Travel_Rarely,1,22,9,135159,1
25,Single,28,Finance,Executive,Travel_Frequently,1,11,9,43727,1
40,Divorced,15,R&D,Analyst,Travel_Frequently,2,16,7,91820,1
31,Married,1,R&D,Manager,Non-Travel,1,21,2,127062,0
22,Divorced,3,Sales,Analyst,Travel_Frequently,4,11,0,45476,0
23,Married,14,Finance,Manager,Non-Travel,3,12,2,138355,0
43,Married,38,Finance,Clerk,Travel_Frequently,3,24,1,88047,0
32,Divorced,1,Sales,Clerk,Travel_Frequently,2,11,1,21881,1
40,Single,38,Finance,Analyst,Travel_Frequently,3,18,1,33668,0
25,Single,38,Sales,Clerk,Travel_Rarely,1,13,4,46106,0
57,Single,21,HR,Engineer,Non-Travel,1,6,0,33729,1
58,Single,29,R&D,Executive,Travel_Rarely,1,12,9,147354,1
50,Single,5,HR,Executive,Travel_Frequently,1,5,3,88320,0
29,Married,10,IT,Manager,Travel_Rarely,2,23,9,72913,1
54,Single,28,IT,Clerk,Non-Travel,3,18,4,77402,0
55,Married,21,IT,Manager,Travel_Frequently,4,18,1,139649,0
42,Married,7,Sales,Executive,Travel_Rarely,3,3,4,121930,0
44,Married,3,Finance,Executive,Travel_Rarely,1,18,9,77739,1
37,Divorced,20,HR,Clerk,Non-Travel,4,8,3,22507,0
30,Divorced,19,HR,Engineer,Travel_Rarely,2,15,7,120552,1
50,Married,35,HR,Engineer,Non-Travel,1,3,0,97059,0
43,Divorced,4,HR,Clerk,Travel_Frequently,1,5,4,148514,0
52,Single,5,IT,Clerk,Travel_Frequently,4,7,9,105680,1
37,Single,1,HR,Manager,Travel_Rarely,2,23,0,43530,0
37,Married,4,Finance,Clerk,Travel_Frequently,4,15,9,33305,1
34,Single,12,IT,Engineer,Travel_Frequently,2,4,9,127097,1
29,Married,27,HR,Clerk,Travel_Rarely,1,20,3,70044,0
22,Married,23,Sales,Manager,Travel_Frequently,3,21,7,148436,1
45,Single,25,R&D,Manager,Travel_Rarely,1,9,0,107363,0
59,Divorced,21,R&D,Manager,Non-Travel,3,22,1,76817,0
29,Single,24,R&D,Manager,Non-Travel,3,12,0,121038,0
42,Single,25,IT,Analyst,Non-Travel,2,13,6,64666,1
24,Married,32,HR,Clerk,Travel_Rarely,4,6,1,36909,0
46,Married,32,IT,Executive,Travel_Rarely,2,19,0,40525,0
49,Married,5,Finance,Clerk,Travel_Frequently,1,5,5,130293,0
54,Married,36,Sales,Analyst,Travel_Frequently,4,6,5,119046,0
43,Divorced,39,Sales,Manager,Travel_Frequently,3,4,9,55403,1
57,Divorced,16,R&D,Analyst,Travel_Frequently,3,20,1,149605,0
31,Divorced,33,R&D,Engineer,Travel_Frequently,1,17,0,41504,0
26,Married,21,R&D,Engineer,Travel_Rarely,4,22,9,128551,1
38,Married,9,HR,Clerk,Travel_Rarely,1,11,2,73715,0
41,Married,6,Finance,Clerk,Non-Travel,1,5,9,54855,1
56,Divorced,35,Finance,Executive,Non-Travel,2,0,4,59721,1
58,Married,39,Finance,Executive,Non-Travel,1,3,5,129597,0
54,Single,22,Finance,Engineer,Non-Travel,4,18,2,118659,0
37,Single,5,R&D,Manager,Travel_Rarely,1,11,8,52723,1
57,Married,23,Sales,Analyst,Travel_Rarely,4,14,4,23539,0
45,Single,17,R&D,Executive,Travel_Rarely,3,2,1,134360,0
58,Single,12,Finance,Executive,Travel_Frequently,1,22,9,119140,1
32,Divorced,23,R&D,Manager,Travel_Frequently,4,19,5,87180,0
43,Married,16,Finance,Manager,Non-Travel,3,7,7,134985,1
42,Married,3,IT,Clerk,Travel_Frequently,4,10,5,103981,0
41,Divorced,30,Sales,Analyst,Travel_Rarely,3,15,3,53934,0
47,Single,22,IT,Manager,Non-Travel,2,8,5,149255,0
51,Single,9,HR,Executive,Non-Travel,1,2,7,27475,1
26,Married,29,R&D,Executive,Travel_Frequently,1,4,7,77577,1
47,Single,37,HR,Engineer,Non-Travel,3,19,9,44008,1
54,Divorced,23,R&D,Manager,Travel_Frequently,2,13,1,60756,0
32,Divorced,13,IT,Clerk,Travel_Frequently,4,14,7,98730,1
27,Married,32,Finance,Analyst,Non-Travel,2,5,5,100702,0
30,Divorced,23,Finance,Clerk,Travel_Frequently,4,3,1,64840,0
37,Divorced,17,R&D,Executive,Travel_Frequently,4,7,0,56623,0
46,Married,21,Finance,Clerk,Travel_Frequently,1,18,5,81303,0
41,Divorced,2,IT,Executive,Travel_Frequently,3,4,6,64062,1
48,Divorced,37,Finance,Executive,Non-Travel,1,12,9,74690,1
22,Divorced,6,IT,Executive,Travel_Rarely,1,15,4,116980,0
21,Single,18,HR,Executive,Travel_Rarely,1,0,9,63266,1
56,Married,30,IT,Executive,Travel_Frequently,4,12,7,105643,1
46,Married,22,Sales,Engineer,Travel_Frequently,1,21,8,76704,1
49,Married,33,Sales,Clerk,Travel_Frequently,4,10,3,135374,0
41,Single,30,Sales,Engineer,Travel_Rarely,3,20,6,26382,1
31,Single,17,R&D,Engineer,Travel_Frequently,4,7,7,107609,1
31,Married,32,R&D,Manager,Non-Travel,4,24,5,64698,0
56,Single,14,R&D,Manager,Non-Travel,2,7,1,19110,1
59,Married,10,IT,Manager,Non-Travel,1,23,6,133266,1
55,Single,36,R&D,Analyst,Travel_Rarely,1,13,8,149458,1
54,Divorced,34,HR,Manager,Travel_Frequently,1,12,4,65801,0
44,Divorced,9,Sales,Clerk,Travel_Frequently,1,2,1,132012,0
42,Married,28,IT,Engineer,Travel_Frequently,2,3,3,114085,0
25,Single,11,Sales,Clerk,Travel_Rarely,2,19,2,49566,0
53,Single,14,R&D,Manager,Travel_Rarely,2,14,3,41798,0
56,Divorced,39,IT,Analyst,Travel_Rarely,2,14,9,41027,1
40,Divorced,19,Finance,Analyst,Travel_Rarely,1,20,6,23631,1
39,Single,15,HR,Engineer,Non-Travel,4,12,9,74878,1
55,Single,28,R&D,Clerk,Travel_Rarely,3,8,7,63206,1
37,Single,24,R&D,Executive,Travel_Rarely,2,24,0,121473,0
54,Single,8,HR,Clerk,Travel_Rarely,4,9,7,76334,1
29,Single,9,HR,Manager,Travel_Frequently,2,11,4,90323,0
46,Single,33,Finance,Executive,Travel_Frequently,1,13,6,71619,1
22,Married,33,R&D,Analyst,Travel_Frequently,1,0,0,121536,1
29,Single,19,R&D,Engineer,Non-Travel,4,13,1,24734,0
29,Divorced,3,Sales,Engineer,Non-Travel,4,13,0,57008,0
37,Married,10,IT,Analyst,Travel_Rarely,4,7,4,67349,0
21,Single,1,IT,Manager,Travel_Frequently,1,15,5,142478,0
45,Divorced,29,Sales,Analyst,Non-Travel,1,13,9,74614,1
45,Married,34,IT,Manager,Travel_Frequently,3,0,8,21692,1
59,Divorced,13,HR,Executive,Non-Travel,4,15,7,144745,1
55,Single,1,IT,Analyst,Non-Travel,3,17,6,38373,1
23,Single,34,IT,Manager,Travel_Rarely,2,6,4,130413,0
57,Single,29,Sales,Executive,Travel_Rarely,3,14,2,32507,0
50,Single,13,Finance,Analyst,Non-Travel,2,23,8,80931,1
58,Married,29,IT,Engineer,Travel_Rarely,2,16,4,93499,0
54,Married,39,IT,Analyst,Non-Travel,3,18,2,132362,0
32,Divorced,24,Finance,Clerk,Non-Travel,4,22,2,115449,0
39,Single,26,Sales,Analyst,Travel_Frequently,2,12,2,114819,0
57,Divorced,17,Finance,Clerk,Travel_Rarely,4,8,5,57423,0
37,Married,7,Sales,Executive,Travel_Rarely,1,23,0,121612,0
30,Single,13,HR,Analyst,Travel_Rarely,2,23,3,104120,0
32,Single,5,Sales,Executive,Travel_Frequently,1,14,7,135409,1
36,Married,26,HR,Executive,Travel_Frequently,3,24,2,108918,0
44,Married,3,HR,Manager,Travel_Frequently,4,2,4,84600,0
39,Married,7,Sales,Executive,Travel_Rarely,3,23,1,59848,0
28,Married,39,R&D,Executive,Travel_Rarely,2,0,1,24820,1
51,Married,1,Sales,Analyst,Travel_Rarely,1,15,6,26512,1
41,Single,17,IT,Analyst,Travel_Frequently,2,7,9,69534,1
37,Married,25,IT,Engineer,Travel_Frequently,3,22,2,143191,0
43,Single,3,R&D,Manager,Non-Travel,4,12,4,78945,0
57,Single,15,HR,Executive,Travel_Frequently,4,7,2,101420,0
36,Married,29,R&D,Manager,Non-Travel,2,16,5,101488,0
26,Married,32,IT,Clerk,Travel_Rarely,2,21,9,27711,1
28,Single,26,R&D,Executive,Travel_Frequently,1,22,2,104009,0
45,Married,16,Sales,Manager,Travel_Rarely,3,13,7,27597,1
38,Married,25,R&D,Engineer,Travel_Rarely,2,20,1,78067,0
45,Married,28,HR,Engineer,Travel_Rarely,1,20,2,66022,0
32,Divorced,9,Sales,Executive,Travel_Rarely,2,6,7,130673,1
35,Single,1,Finance,Clerk,Travel_Frequently,4,14,7,69782,1
46,Divorced,29,IT,Engineer,Travel_Rarely,1,15,0,128716,0
46,Married,22,IT,Engineer,Non-Travel,1,18,7,136030,1
52,Divorced,16,R&D,Clerk,Travel_Frequently,2,5,9,90036,1
30,Married,7,Sales,Manager,Travel_Rarely,3,22,1,53342,0
36,Divorced,14,Finance,Engineer,Travel_Frequently,4,0,6,103745,1
27,Married,29,Sales,Analyst,Non-Travel,3,11,5,75396,0
37,Divorced,19,IT,Engineer,Travel_Rarely,1,17,1,132836,0
43,Divorced,19,Sales,Manager,Non-Travel,3,15,4,124998,0
46,Divorced,2,Finance,Manager,Travel_Rarely,1,11,6,68021,1
41,Single,15,R&D,Executive,Non-Travel,3,19,7,148672,1
42,Divorced,3,HR,Analyst,Travel_Rarely,2,12,2,136559,0
27,Single,11,Sales,Manager,Travel_Frequently,3,7,0,84836,0
34,Married,30,HR,Clerk,Travel_Rarely,1,21,6,95017,1
35,Divorced,18,IT,Analyst,Travel_Frequently,4,0,4,120689,1
27,Married,2,R&D,Analyst,Travel_Rarely,4,20,4,98291,0
29,Married,32,R&D,Clerk,Travel_Rarely,4,6,6,108450,1
28,Divorced,8,Sales,Engineer,Non-Travel,1,14,0,74006,0
43,Single,22,R&D,Clerk,Non-Travel,3,21,7,122268,1
49,Divorced,6,Sales,Clerk,Non-Travel,4,12,9,68138,1
38,Married,12,Sales,Engineer,Travel_Rarely,4,12,4,80398,0
51,Married,36,HR,Engineer,Travel_Rarely,4,8,7,75228,1
50,Divorced,15,R&D,Engineer,Travel_Rarely,2,23,9,80670,1
59,Single,28,Sales,Engineer,Travel_Frequently,1,14,9,143613,1
55,Single,18,HR,Engineer,Travel_Frequently,1,3,4,120071,0
38,Married,2,Finance,Clerk,Travel_Rarely,1,12,6,128572,1
59,Married,13,HR,Executive,Non-Travel,1,11,9,21107,1
37,Single,15,HR,Executive,Non-Travel,1,4,2,104388,0
34,Divorced,20,Sales,Manager,Non-Travel,2,6,1,113719,0
51,Married,29,IT,Executive,Travel_Rarely,3,7,5,136018,0
44,Single,29,IT,Executive,Non-Travel,2,4,4,45617,0
55,Married,3,IT,Clerk,Travel_Rarely,4,8,8,92258,1
54,Divorced,19,HR,Engineer,Travel_Frequently,2,13,9,68075,1
23,Single,3,Sales,Engineer,Non-Travel,1,11,3,144998,0
57,Married,14,R&D,Clerk,Travel_Frequently,2,3,2,40631,0
46,Divorced,4,HR,Executive,Non-Travel,1,19,8,141120,1
43,Married,11,HR,Clerk,Travel_Rarely,2,7,7,115158,1
59,Divorced,31,Sales,Manager,Travel_Rarely,1,16,5,64221,0
35,Divorced,32,Finance,Engineer,Travel_Rarely,4,7,0,123922,0
24,Single,27,HR,Analyst,Travel_Rarely,1,20,9,51550,1
49,Divorced,30,Finance,Manager,Non-Travel,2,0,0,32642,1
42,Married,2,Finance,Manager,Travel_Frequently,4,19,5,124093,0
45,Divorced,9,IT,Clerk,Travel_Rarely,2,1,2,111885,1
33,Divorced,28,Sales,Executive,Non-Travel,4,3,2,97538,0
38,Single,31,Finance,Engineer,Travel_Frequently,3,23,5,80014,0
53,Divorced,34,Sales,Analyst,Travel_Rarely,3,20,2,37523,0
36,Divorced,15,IT,Manager,Travel_Frequently,3,0,9,128285,1
22,Married,25,Sales,Analyst,Travel_Rarely,2,6,5,123879,0
55,Single,36,HR,Executive,Travel_Frequently,2,0,4,108629,1
54,Single,8,Finance,Executive,Travel_Frequently,4,8,3,94830,0
50,Single,9,Sales,Analyst,Travel_Rarely,4,2,7,63538,1
33,Divorced,37,R&D,Engineer,Non-Travel,4,11,1,65310,0
33,Single,39,Sales,Executive,Travel_Frequently,4,18,6,133266,1
38,Divorced,32,Finance,Analyst,Travel_Rarely,1,14,3,30699,1
52,Divorced,17,IT,Manager,Travel_Frequently,3,21,1,84912,0
52,Married,35,IT,Analyst,Travel_Frequently,1,15,6,97183,1
55,Married,37,Finance,Analyst,Non-Travel,1,9,0,78282,0
59,Married,19,HR,Clerk,Travel_Frequently,1,21,3,76249,0
49,Married,29,HR,Executive,Travel_Frequently,1,5,8,56176,1
49,Married,7,IT,Engineer,Travel_Rarely,3,16,3,26163,0
36,Divorced,28,IT,Engineer,Travel_Rarely,1,20,2,72210,0
30,Divorced,9,Finance,Clerk,Non-Travel,4,21,9,141844,1
50,Single,28,HR,Engineer,Travel_Frequently,2,23,9,122587,1
45,Divorced,6,IT,Analyst,Travel_Frequently,4,16,1,89979,0
59,Divorced,29,HR,Clerk,Travel_Frequently,2,20,2,96860,0
40,Married,17,IT,Manager,Non-Travel,4,18,0,22920,0
25,Divorced,16,Sales,Executive,Travel_Frequently,4,17,9,100911,1
21,Married,23,R&D,Executive,Travel_Rarely,2,10,7,55996,1
50,Single,31,Sales,Executive,Non-Travel,3,23,0,112071,0
23,Single,3,IT,Analyst,Travel_Rarely,1,6,2,65252,0
34,Divorced,21,R&D,Manager,Travel_Rarely,4,9,2,140734,0
50,Single,26,R&D,Clerk,Non-Travel,3,6,1,70756,0
24,Divorced,36,IT,Clerk,Travel_Rarely,1,4,4,68235,0
38,Single,37,IT,Executive,Travel_Frequently,3,11,9,108546,1
57,Married,22,HR,Manager,Non-Travel,3,15,2,149092,0
45,Married,12,IT,Manager,Travel_Rarely,1,24,2,143802,0
21,Married,13,Finance,Manager,Travel_Frequently,4,20,7,126421,1
35,Married,11,IT,Engineer,Travel_Frequently,3,17,3,84635,0
29,Divorced,16,Finance,Engineer,Travel_Rarely,4,2,3,41225,0
35,Single,8,IT,Executive,Travel_Frequently,4,19,2,124885,0
44,Divorced,2,HR,Manager,Non-Travel,4,14,0,103333,0
24,Married,30,Finance,Manager,Travel_Rarely,1,4,7,28807,1
32,Divorced,30,Sales,Clerk,Travel_Frequently,2,12,0,24402,1
57,Single,12,Finance,Clerk,Travel_Frequently,4,18,6,22521,1
57,Divorced,10,HR,Executive,Travel_Rarely,2,11,4,132693,0
26,Single,11,Finance,Manager,Travel_Rarely,2,22,3,26382,1
59,Divorced,15,IT,Executive,Travel_Rarely,3,20,3,128996,0
44,Single,16,IT,Clerk,Travel_Rarely,4,4,7,33065,1
31,Single,17,HR,Clerk,Non-Travel,4,5,5,103470,0
33,Married,26,R&D,Engineer,Travel_Rarely,4,6,0,32425,0
54,Single,2,IT,Executive,Non-Travel,2,9,9,31111,1
45,Married,12,Sales,Executive,Non-Travel,1,15,7,71257,1
27,Married,26,HR,Manager,Travel_Rarely,2,7,1,141990,0
24,Married,23,Finance,Manager,Non-Travel,4,8,5,145813,0
28,Divorced,18,Finance,Engineer,Travel_Rarely,4,3,8,99046,1
40,Divorced,32,Sales,Analyst,Travel_Rarely,4,20,0,55851,0
49,Divorced,38,IT,Analyst,Travel_Frequently,2,20,5,26816,1
30,Divorced,3,HR,Analyst,Travel_Rarely,4,7,7,20175,1
54,Single,38,Sales,Executive,Travel_Frequently,3,24,9,29341,1
46,Single,3,IT,Executive,Non-Travel,4,6,1,81908,0
23,Divorced,30,HR,Clerk,Travel_Frequently,1,14,4,77696,0
26,Single,1,Finance,Executive,Non-Travel,3,20,5,101115,0
25,Single,30,HR,Executive,Travel_Rarely,4,2,4,48194,0
25,Married,32,R&D,Executive,Non-Travel,3,16,2,102358,0
43,Married,28,HR,Engineer,Non-Travel,4,10,3,120548,0
29,Married,21,R&D,Executive,Travel_Rarely,1,8,6,52579,1
55,Married,13,HR,Manager,Non-Travel,4,4,3,114554,0
40,Single,27,R&D,Manager,Travel_Rarely,3,24,8,71294,1
55,Divorced,36,Finance,Clerk,Travel_Frequently,1,9,9,67777,1
38,Single,7,IT,Engineer,Travel_Rarely,2,14,1,58751,0
37,Single,22,R&D,Manager,Travel_Rarely,1,13,4,126750,0
44,Single,10,R&D,Engineer,Non-Travel,1,3,7,92180,1
23,Married,39,Finance,Engineer,Travel_Frequently,1,20,4,49644,0
52,Married,15,R&D,Clerk,Travel_Rarely,3,19,9,51521,1
55,Married,15,Sales,Engineer,Travel_Frequently,1,1,7,29564,1
58,Divorced,4,Finance,Executive,Travel_Frequently,4,11,7,123155,1
33,Single,32,Sales,Engineer,Non-Travel,1,0,8,106747,1
45,Divorced,23,Finance,Clerk,Travel_Rarely,1,23,9,29202,1
29,Married,6,R&D,Clerk,Non-Travel,4,19,5,127407,0
24,Divorced,24,Sales,Clerk,Travel_Rarely,4,4,3,108197,0
34,Single,20,R&D,Manager,Travel_Frequently,2,5,2,60637,0
57,Single,37,Finance,Executive,Travel_Rarely,1,23,4,42276,0
54,Married,20,R&D,Manager,Travel_Rarely,3,10,5,98946,0
31,Married,12,Sales,Analyst,Travel_Frequently,1,7,2,93214,0
23,Divorced,33,Sales,Executive,Travel_Frequently,1,6,1,59230,0
48,Married,28,R&D,Engineer,Travel_Rarely,4,3,6,142086,1
49,Married,8,HR,Clerk,Non-Travel,2,5,4,147526,0
29,Single,1,Finance,Analyst,Travel_Rarely,1,15,8,53059,1
23,Married,37,Finance,Executive,Travel_Frequently,3,19,2,19532,0
45,Married,22,R&D,Manager,Non-Travel,1,14,7,120666,1
54,Single,6,HR,Clerk,Travel_Frequently,3,13,5,99551,0
32,Single,21,Sales,Manager,Travel_Frequently,4,22,3,89880,0
29,Divorced,32,IT,Executive,Non-Travel,2,11,8,124734,1
35,Married,35,IT,Executive,Travel_Frequently,1,11,4,131997,0
45,Single,15,R&D,Analyst,Travel_Frequently,2,15,9,70168,1
25,Divorced,5,HR,Engineer,Travel_Frequently,1,14,5,131123,0
31,Divorced,6,HR,Manager,Travel_Frequently,3,12,8,105897,1
54,Married,25,Finance,Analyst,Travel_Frequently,2,10,6,122599,1
44,Married,29,Sales,Clerk,Travel_Frequently,1,16,4,97239,0
35,Divorced,7,HR,Engineer,Travel_Frequently,4,20,1,36642,0
58,Single,13,IT,Analyst,Travel_Frequently,3,14,3,124862,0
28,Divorced,38,Sales,Manager,Travel_Frequently,2,13,1,54509,0
25,Married,18,Sales,Executive,Travel_Rarely,1,9,2,97417,0
46,Single,2,R&D,Clerk,Travel_Rarely,2,11,9,67237,1
38,Single,8,HR,Manager,Travel_Frequently,1,15,2,81176,0
26,Divorced,11,R&D,Engineer,Travel_Rarely,3,14,3,146633,0
57,Married,33,HR,Engineer,Non-Travel,4,9,5,97865,0
33,Divorced,38,Finance,Executive,Travel_Rarely,3,3,2,135181,0
48,Divorced,27,R&D,Executive,Travel_Frequently,2,22,9,80059,1
25,Divorced,20,R&D,Clerk,Travel_Frequently,2,8,0,67150,0
33,Single,12,IT,Clerk,Travel_Rarely,1,20,0,106367,0
37,Single,31,R&D,Executive,Travel_Frequently,3,19,8,59091,1
52,Married,27,HR,Executive,Non-Travel,1,8,8,18903,1
49,Married,32,IT,Engineer,Non-Travel,3,20,4,72235,0
23,Divorced,10,R&D,Executive,Travel_Frequently,2,24,8,73342,1
54,Divorced,3,R&D,Analyst,Non-Travel,1,23,6,53572,1
47,Divorced,27,Finance,Manager,Non-Travel,1,19,8,35610,1
33,Married,35,R&D,Executive,Travel_Rarely,3,10,6,52052,1
53,Single,31,Sales,Clerk,Non-Travel,4,10,8,116993,1
26,Single,15,IT,Analyst,Travel_Rarely,3,6,1,105063,0
44,Divorced,16,Sales,Clerk,Travel_Frequently,4,20,7,115540,1
39,Divorced,13,IT,Analyst,Travel_Rarely,3,9,6,71533,1
36,Divorced,35,Finance,Executive,Travel_Frequently,2,3,5,141989,0
48,Divorced,11,R&D,Manager,Travel_Frequently,1,4,4,138388,0
53,Married,21,R&D,Clerk,Travel_Frequently,3,4,3,46702,0
33,Single,11,R&D,Analyst,Travel_Frequently,2,10,6,141482,1
45,Divorced,30,IT,Engineer,Travel_Frequently,3,8,2,26631,0
56,Married,35,R&D,Executive,Travel_Rarely,1,15,7,105388,1
47,Divorced,22,Sales,Manager,Travel_Frequently,3,8,1,142798,0
58,Divorced,38,R&D,Executive,Non-Travel,4,21,0,88043,0
27,Single,31,Finance,Engineer,Non-Travel,1,3,1,53764,0
25,Divorced,14,Sales,Manager,Travel_Frequently,4,1,8,147014,1
51,Single,24,R&D,Engineer,Non-Travel,2,13,4,131076,0
43,Single,32,R&D,Executive,Travel_Rarely,2,2,7,117007,1
30,Single,36,HR,Analyst,Travel_Rarely,3,17,2,42940,0
52,Married,32,IT,Executive,Travel_Frequently,4,20,6,125418,1
50,Married,15,Sales,Executive,Travel_Frequently,4,5,1,89792,0
59,Single,35,HR,Executive,Travel_Frequently,1,10,7,26367,1
51,Divorced,3,Finance,Clerk,Non-Travel,4,20,6,129764,1
38,Single,16,IT,Engineer,Non-Travel,4,17,4,26573,0
56,Divorced,5,Sales,Engineer,Travel_Rarely,1,11,3,33582,1
22,Single,21,R&D,Engineer,Non-Travel,1,4,0,83296,0
34,Divorced,10,Sales,Clerk,Travel_Rarely,4,8,4,83841,0
33,Married,19,R&D,Analyst,Non-Travel,3,19,8,39881,1
49,Divorced,25,IT,Executive,Travel_Rarely,1,17,9,88233,1
32,Single,4,R&D,Analyst,Travel_Frequently,1,18,3,83285,0
59,Married,29,Finance,Clerk,Non-Travel,4,2,8,77547,1
22,Divorced,19,R&D,Engineer,Travel_Rarely,4,8,1,25933,0
52,Divorced,2,Finance,Executive,Non-Travel,1,3,3,101385,0
33,Divorced,10,IT,Manager,Travel_Frequently,4,16,8,116706,1
47,Divorced,25,IT,Manager,Travel_Rarely,1,16,3,102590,0
37,Divorced,20,Sales,Analyst,Non-Travel,3,22,4,124399,0
51,Married,19,Finance,Engineer,Non-Travel,3,22,7,77145,1
54,Married,23,Finance,Manager,Travel_Frequently,1,1,0,75520,1
44,Married,24,HR,Analyst,Travel_Frequently,1,8,0,22544,1
55,Married,11,HR,Clerk,Travel_Rarely,2,8,8,72812,1
26,Single,34,HR,Analyst,Non-Travel,2,4,8,137090,1
39,Married,28,R&D,Analyst,Non-Travel,4,14,3,117054,0
50,Divorced,5,HR,Analyst,Travel_Frequently,4,14,1,118834,0
27,Divorced,5,Finance,Executive,Travel_Frequently,1,2,8,58002,1
30,Married,21,R&D,Analyst,Travel_Rarely,1,18,3,149583,0
52,Divorced,12,IT,Analyst,Non-Travel,2,2,5,130850,0
54,Married,4,Sales,Executive,Non-Travel,2,5,0,148011,0
48,Divorced,20,HR,Executive,Travel_Rarely,1,3,8,139548,1
35,Single,38,IT,Clerk,Travel_Rarely,3,23,4,49786,0
50,Single,25,Finance,Engineer,Travel_Frequently,3,12,2,54244,0
57,Married,14,Sales,Manager,Travel_Frequently,4,12,3,85261,0
49,Married,11,IT,Manager,Travel_Rarely,1,10,0,36477,1
42,Married,32,Sales,Analyst,Travel_Rarely,1,4,8,26496,1
24,Divorced,11,HR,Clerk,Non-Travel,4,0,7,138522,1
40,Married,18,Finance,Analyst,Travel_Rarely,2,8,3,38724,1
52,Single,27,Sales,Manager,Travel_Rarely,2,16,1,48416,0
56,Divorced,18,IT,Executive,Non-Travel,3,21,8,53575,1
24,Married,23,HR,Engineer,Travel_Rarely,1,0,3,94614,1
47,Divorced,11,HR,Clerk,Travel_Frequently,2,2,8,111566,1
37,Divorced,21,IT,Executive,Travel_Frequently,3,14,9,145192,1
32,Married,5,IT,Engineer,Non-Travel,3,20,2,37359,0
42,Divorced,23,Sales,Clerk,Travel_Rarely,3,22,6,61634,1
37,Single,25,R&D,Clerk,Travel_Frequently,2,9,6,135255,1
30,Single,10,HR,Manager,Travel_Frequently,2,7,9,60864,1
21,Divorced,22,Sales,Executive,Travel_Frequently,1,11,3,112482,0
42,Married,19,IT,Clerk,Travel_Frequently,1,24,1,55355,0
46,Divorced,1,Sales,Clerk,Travel_Rarely,3,21,8,55690,1
38,Single,7,IT,Engineer,Travel_Rarely,3,14,3,74630,0
34,Divorced,4,Finance,Manager,Travel_Rarely,2,8,7,39658,1
49,Divorced,1,IT,Analyst,Travel_Rarely,2,23,1,33797,1
32,Single,15,IT,Manager,Travel_Frequently,1,24,7,76799,1
56,Divorced,12,IT,Analyst,Non-Travel,1,9,9,136301,1
55,Divorced,22,R&D,Executive,Non-Travel,4,19,4,70236,0
32,Married,22,IT,Executive,Travel_Frequently,1,8,6,24265,1
27,Married,17,HR,Clerk,Travel_Frequently,2,14,6,143611,1
49,Single,29,HR,Executive,Non-Travel,3,22,8,139754,1
31,Single,14,Sales,Clerk,Non-Travel,4,20,2,109426,0
53,Single,20,R&D,Manager,Travel_Frequently,1,20,9,127681,1
26,Married,33,Sales,Executive,Travel_Frequently,1,0,3,61826,1
35,Single,15,HR,Manager,Travel_Rarely,2,1,9,73597,1
52,Single,12,HR,Manager,Travel_Rarely,4,18,3,115375,0
31,Single,20,Finance,Executive,Non-Travel,1,13,9,35084,1
43,Married,30,IT,Manager,Travel_Frequently,3,7,4,107447,0
46,Divorced,38,HR,Executive,Non-Travel,2,5,5,22383,1
54,Single,3,Sales,Executive,Travel_Rarely,4,11,2,110313,0
54,Divorced,28,Sales,Executive,Travel_Rarely,1,14,3,52361,0
49,Single,26,IT,Analyst,Non-Travel,1,13,2,98294,0
24,Divorced,30,IT,Manager,Travel_Rarely,4,20,1,79331,0
37,Married,13,Finance,Engineer,Travel_Frequently,2,0,9,113057,1
55,Married,13,R&D,Executive,Non-Travel,4,10,8,139685,1
33,Single,2,Sales,Manager,Travel_Frequently,4,24,0,114917,0
59,Divorced,37,IT,Clerk,Travel_Frequently,2,2,1,48932,0
35,Married,38,Sales,Executive,Travel_Rarely,1,18,7,19908,1
49,Single,2,IT,Executive,Travel_Frequently,3,17,6,48412,1
49,Single,36,HR,Engineer,Non-Travel,2,19,0,146319,0
31,Married,26,Sales,Analyst,Travel_Frequently,3,1,4,101710,1
52,Married,11,HR,Analyst,Travel_Frequently,1,24,9,20928,1
22,Single,8,Sales,Executive,Travel_Frequently,4,6,5,83158,0
34,Divorced,22,R&D,Manager,Travel_Frequently,3,7,4,50309,0
40,Divorced,20,Finance,Clerk,Travel_Frequently,1,18,3,27280,1
42,Divorced,8,HR,Clerk,Travel_Rarely,1,21,0,58449,0
31,Single,29,IT,Manager,Non-Travel,4,14,6,44957,1
47,Married,26,R&D,Executive,Travel_Rarely,4,9,8,88499,1
23,Single,30,Sales,Clerk,Non-Travel,1,21,5,111057,0
37,Married,17,HR,Analyst,Non-Travel,1,0,2,128065,1
48,Divorced,20,Sales,Manager,Non-Travel,3,5,9,92893,1
49,Divorced,16,Sales,Engineer,Non-Travel,1,12,3,43176,0
41,Married,7,Sales,Executive,Non-Travel,1,13,9,74967,1
36,Married,16,Finance,Manager,Travel_Frequently,3,2,4,18987,0
57,Single,27,Finance,Clerk,Travel_Rarely,2,10,0,114854,0
40,Divorced,23,IT,Executive,Travel_Rarely,3,2,4,44015,0
26,Single,24,HR,Analyst,Travel_Frequently,3,18,0,130350,0
39,Single,9,R&D,Executive,Non-Travel,4,9,8,84404,1
25,Single,35,R&D,Executive,Travel_Rarely,3,14,6,134751,1
23,Divorced,20,R&D,Analyst,Travel_Frequently,1,10,2,146807,0
21,Single,37,Sales,Analyst,Travel_Frequently,1,14,8,66231,1
58,Single,17,Finance,Executive,Travel_Rarely,1,23,1,46305,0
35,Single,31,HR,Analyst,Travel_Rarely,2,12,6,72306,1
54,Single,8,Sales,Manager,Non-Travel,1,4,8,139139,1
55,Single,15,Finance,Analyst,Non-Travel,2,3,5,36318,1
45,Single,31,Finance,Analyst,Travel_Rarely,1,12,9,39584,1
44,Divorced,30,HR,Executive,Non-Travel,3,8,4,33169,0
32,Single,20,HR,Manager,Travel_Frequently,4,24,6,43968,1
38,Married,39,HR,Engineer,Non-Travel,1,16,5,140684,0
35,Single,12,Sales,Engineer,Non-Travel,2,1,4,133391,1
